Source,Destination,Distance_km,Time_min,Traffic_Level,Time_of_Day,Day_of_Week,Number_of_Trips,Date
Baner,Wakad,17.06,21.5,Low,Midday,Wednesday,64,6/14/2024
Baner,Kharadi,39.63,97.96,High,Evening,Wednesday,95,2/9/2024
Hadapsar,Hadapsar,12.05,90.61,Low,Early Morning,Monday,13,12/27/2023
Shivajinagar,Kharadi,15.64,114.73,High,Midday,Saturday,53,11/14/2023
Wakad,Baner,18.89,75.02,High,Evening,Tuesday,36,10/7/2024
Hadapsar,Shivajinagar,37.17,30.64,Low,Midday,Saturday,73,11/21/2023
Baner,Viman Nagar,3.59,24.7,High,Evening,Tuesday,90,1/28/2024
Hadapsar,Wakad,42.04,87.92,High,Evening,Sunday,39,8/30/2024
Baner,Wakad,35.84,80.77,Low,Midday,Thursday,70,3/30/2024
Viman Nagar,Hadapsar,2.42,59.99,Medium,Early Morning,Thursday,89,2/3/2024
Shivajinagar,Hadapsar,26.32,54.74,High,Early Morning,Friday,85,3/25/2024
Shivajinagar,Hinjewadi,40.9,78.8,Medium,Midday,Wednesday,25,3/28/2024
Wakad,Hadapsar,1.66,84.3,Low,Early Morning,Friday,20,3/25/2024
Kharadi,Kothrud,25.83,24.83,Low,Evening,Friday,5,10/23/2023
Kharadi,Viman Nagar,29.55,26.94,Low,Evening,Friday,36,4/19/2024
Hinjewadi,Kharadi,15,49.9,High,Early Morning,Sunday,83,11/27/2023
Kothrud,Shivajinagar,3.49,53.44,Low,Morning,Monday,34,2/11/2024
Baner,Hadapsar,36.59,42.6,Low,Evening,Thursday,49,2/28/2024
Viman Nagar,Wakad,19.01,64.41,High,Midday,Friday,3,10/16/2024
Baner,Wakad,40.65,18.23,Low,Morning,Wednesday,5,12/30/2023
Kharadi,Wakad,11.95,83,High,Evening,Tuesday,85,2/17/2024
Hadapsar,Shivajinagar,15.24,19.22,High,Evening,Monday,84,3/7/2024
Wakad,Viman Nagar,14.76,16.1,Medium,Early Morning,Monday,85,5/4/2024
Baner,Kothrud,31.93,76.95,Low,Morning,Saturday,75,1/14/2024
Hadapsar,Shivajinagar,2.32,87.97,Low,Early Morning,Wednesday,33,4/25/2024
Wakad,Hadapsar,29.4,15.43,Low,Evening,Thursday,72,4/18/2024
Hadapsar,Viman Nagar,5.09,69.16,Medium,Morning,Saturday,37,6/26/2024
Wakad,Wakad,12.18,111.27,High,Early Morning,Wednesday,97,3/11/2024
Kharadi,Kharadi,14.27,68.86,Low,Evening,Sunday,29,8/6/2024
Kothrud,Hadapsar,38.56,34.04,Medium,Morning,Friday,37,7/13/2024
Baner,Shivajinagar,31.57,45.92,High,Evening,Thursday,47,2/19/2024
Shivajinagar,Kharadi,5.36,55.98,Medium,Morning,Friday,42,10/4/2024
Hadapsar,Viman Nagar,45.3,61,High,Early Morning,Saturday,92,9/21/2024
Viman Nagar,Hinjewadi,32.49,11.37,High,Midday,Tuesday,51,12/3/2023
Baner,Shivajinagar,8.35,41.39,High,Morning,Monday,57,8/12/2024
Kothrud,Hinjewadi,16.75,14.1,Low,Midday,Saturday,98,9/16/2024
Kharadi,Hadapsar,32.79,54.02,Low,Evening,Saturday,55,8/16/2024
Viman Nagar,Shivajinagar,13.64,28.09,High,Morning,Monday,29,4/19/2024
Viman Nagar,Wakad,42.62,49.46,Medium,Evening,Thursday,45,11/22/2023
Kharadi,Kothrud,6.72,105.91,High,Morning,Monday,80,1/29/2024
Baner,Baner,44.48,51.08,Medium,Midday,Tuesday,66,11/1/2023
Viman Nagar,Hadapsar,15.26,8.33,Medium,Early Morning,Monday,91,3/26/2024
Hadapsar,Baner,49.12,111.86,Low,Early Morning,Monday,9,2/29/2024
Wakad,Viman Nagar,39.55,43.33,Medium,Evening,Monday,3,11/30/2023
Kothrud,Hadapsar,38.27,97.31,Low,Early Morning,Thursday,39,10/5/2024
Baner,Hadapsar,32.74,115.76,Low,Midday,Saturday,81,5/23/2024
Kothrud,Kharadi,10.45,60.6,Low,Midday,Monday,28,5/25/2024
Shivajinagar,Shivajinagar,29.11,46.3,Medium,Early Morning,Sunday,80,3/29/2024
Shivajinagar,Viman Nagar,28.44,101.51,High,Early Morning,Monday,85,12/12/2023
Shivajinagar,Baner,33.26,49.91,Low,Evening,Wednesday,28,3/16/2024
Hinjewadi,Shivajinagar,25.96,68.67,High,Early Morning,Monday,27,2/20/2024
Wakad,Hadapsar,12.57,83.7,Medium,Early Morning,Saturday,26,5/10/2024
Wakad,Wakad,29.89,66.42,Medium,Morning,Thursday,36,3/1/2024
Hinjewadi,Viman Nagar,9.04,35.45,Low,Midday,Tuesday,65,7/19/2024
Viman Nagar,Hinjewadi,7.73,30.37,High,Evening,Tuesday,87,5/11/2024
Shivajinagar,Hadapsar,25.89,44.66,Medium,Midday,Thursday,22,2/19/2024
Baner,Viman Nagar,24.51,90.75,Medium,Early Morning,Tuesday,11,7/22/2024
Hinjewadi,Hinjewadi,44,40.39,High,Early Morning,Wednesday,66,11/3/2023
Viman Nagar,Kharadi,16.42,18.84,Medium,Early Morning,Monday,88,4/5/2024
Hinjewadi,Viman Nagar,36.11,99.44,High,Evening,Sunday,94,12/30/2023
Wakad,Wakad,14.14,28.24,Low,Early Morning,Tuesday,63,5/28/2024
Baner,Hadapsar,29.8,29.83,High,Early Morning,Saturday,67,9/7/2024
Hadapsar,Wakad,25.51,35.26,High,Midday,Monday,51,1/3/2024
Wakad,Viman Nagar,9.35,102.69,Medium,Midday,Sunday,38,9/26/2024
Viman Nagar,Kothrud,46.67,76.35,Low,Early Morning,Wednesday,92,9/18/2024
Kharadi,Hinjewadi,1.47,66.76,High,Morning,Tuesday,92,3/7/2024
Kothrud,Hinjewadi,16.69,86.44,Medium,Morning,Saturday,22,7/28/2024
Hadapsar,Hinjewadi,9.83,70.9,Medium,Evening,Wednesday,37,4/22/2024
Hadapsar,Shivajinagar,26.54,70.08,Medium,Early Morning,Saturday,63,8/2/2024
Viman Nagar,Baner,1.48,15.43,Low,Morning,Monday,20,4/13/2024
Hinjewadi,Shivajinagar,17.07,47.33,High,Morning,Wednesday,22,8/16/2024
Baner,Kharadi,44.92,58.51,Low,Midday,Sunday,6,6/15/2024
Hadapsar,Wakad,36.19,88.35,High,Evening,Wednesday,5,9/18/2024
Hinjewadi,Viman Nagar,14.77,110.03,High,Morning,Friday,31,10/9/2024
Shivajinagar,Shivajinagar,23.86,33.84,Medium,Early Morning,Sunday,33,1/5/2024
Shivajinagar,Viman Nagar,40.93,14.28,Low,Evening,Wednesday,51,2/27/2024
Viman Nagar,Kothrud,37.06,18.82,High,Midday,Wednesday,22,5/31/2024
Wakad,Baner,35.5,106.63,High,Morning,Sunday,94,3/4/2024
Hadapsar,Baner,48.84,82.5,Medium,Evening,Saturday,86,9/11/2024
Hadapsar,Wakad,38.53,11.2,Low,Early Morning,Friday,4,11/15/2023
Viman Nagar,Wakad,36.7,115.33,High,Midday,Sunday,30,11/5/2023
Viman Nagar,Wakad,43.56,115.33,Low,Early Morning,Friday,91,3/1/2024
Kothrud,Kothrud,2.21,10.01,High,Morning,Friday,95,7/14/2024
Viman Nagar,Kothrud,14.9,29.42,High,Evening,Saturday,83,10/22/2023
Viman Nagar,Kothrud,40.65,17.16,Low,Midday,Tuesday,28,2/22/2024
Viman Nagar,Wakad,41.4,73.36,Low,Midday,Monday,30,9/8/2024
Viman Nagar,Shivajinagar,11.62,8.23,Low,Evening,Sunday,25,11/9/2023
Hadapsar,Baner,11.73,45.72,High,Morning,Monday,47,2/5/2024
Kharadi,Baner,45.72,97.63,High,Early Morning,Monday,18,10/8/2024
Hadapsar,Viman Nagar,47.02,65.73,High,Midday,Sunday,71,9/16/2024
Wakad,Shivajinagar,42.75,5.52,Low,Evening,Monday,49,9/24/2024
Shivajinagar,Viman Nagar,45.03,38.32,High,Early Morning,Saturday,77,2/12/2024
Hadapsar,Baner,12.21,118.98,High,Midday,Sunday,26,5/15/2024
Shivajinagar,Kothrud,9.72,18.92,High,Midday,Sunday,81,12/19/2023
Shivajinagar,Hinjewadi,22.02,54.17,Medium,Early Morning,Friday,80,5/9/2024
Baner,Baner,41.78,91.86,Medium,Evening,Thursday,88,7/7/2024
Kharadi,Kharadi,15.49,15.49,High,Evening,Tuesday,74,5/29/2024
Baner,Kharadi,47.07,73.22,High,Evening,Friday,44,5/15/2024
Viman Nagar,Hadapsar,31.45,101.83,Low,Early Morning,Monday,55,1/24/2024
Shivajinagar,Baner,27.43,13,High,Evening,Monday,78,10/28/2023
Hadapsar,Kharadi,15.12,114.21,High,Midday,Wednesday,95,6/30/2024
Baner,Kothrud,11.65,52.77,Medium,Midday,Wednesday,85,9/3/2024
Kothrud,Kharadi,32.17,38.4,Low,Early Morning,Monday,76,12/16/2023
Baner,Kothrud,4.32,13.85,High,Evening,Friday,42,8/23/2024
Baner,Viman Nagar,17.42,75.56,Medium,Evening,Sunday,73,1/24/2024
Kothrud,Kothrud,7.1,86.72,Low,Morning,Friday,16,12/24/2023
Hinjewadi,Kharadi,25.35,66.97,Low,Morning,Monday,89,12/17/2023
Kothrud,Hadapsar,15.47,116.74,Low,Midday,Monday,95,9/8/2024
Wakad,Wakad,18.8,99.28,High,Early Morning,Tuesday,73,1/29/2024
Shivajinagar,Kharadi,47.07,96.43,High,Evening,Wednesday,96,9/24/2024
Hadapsar,Kothrud,9.7,96.1,High,Morning,Friday,34,12/13/2023
Kothrud,Viman Nagar,24.82,107.89,High,Morning,Sunday,92,4/18/2024
Viman Nagar,Wakad,33.76,113.89,High,Early Morning,Tuesday,22,7/25/2024
Shivajinagar,Wakad,14.66,85.74,Low,Morning,Monday,32,6/26/2024
Kharadi,Baner,43.76,72.73,High,Morning,Monday,19,4/5/2024
Shivajinagar,Kharadi,39.48,118.38,Low,Midday,Friday,17,12/30/2023
Viman Nagar,Viman Nagar,26.77,13.93,High,Midday,Friday,33,6/1/2024
Baner,Kothrud,2.23,65.65,High,Morning,Wednesday,85,1/15/2024
Viman Nagar,Hinjewadi,5.65,69.85,High,Early Morning,Sunday,7,4/25/2024
Shivajinagar,Wakad,20.88,50.24,Low,Evening,Saturday,98,10/27/2023
Hinjewadi,Viman Nagar,39.42,104.81,High,Morning,Tuesday,11,12/31/2023
Baner,Shivajinagar,27.11,48.08,High,Morning,Monday,55,1/6/2024
Kharadi,Baner,37.96,19.68,Low,Evening,Friday,8,9/14/2024
Kothrud,Hinjewadi,21.48,17.66,Low,Evening,Thursday,10,9/10/2024
Kharadi,Baner,4.19,40.14,Medium,Early Morning,Saturday,11,6/17/2024
Hinjewadi,Kharadi,22.77,8.59,Low,Evening,Thursday,30,5/12/2024
Viman Nagar,Shivajinagar,17.98,94.03,Medium,Midday,Wednesday,47,8/11/2024
Viman Nagar,Hadapsar,20.34,87.05,Medium,Morning,Thursday,29,8/20/2024
Baner,Wakad,3.4,40.52,High,Morning,Thursday,7,12/5/2023
Hadapsar,Wakad,14.94,49.37,High,Morning,Monday,30,1/25/2024
Kothrud,Kothrud,7.89,36.06,High,Morning,Sunday,56,1/26/2024
Hadapsar,Wakad,20.38,75.59,Medium,Evening,Sunday,20,5/26/2024
Baner,Viman Nagar,8.94,23.7,High,Early Morning,Saturday,2,6/10/2024
Shivajinagar,Wakad,4.33,68.4,High,Evening,Friday,49,11/23/2023
Baner,Wakad,37.75,116.89,Low,Morning,Saturday,56,11/18/2023
Shivajinagar,Hinjewadi,48.35,59.16,Low,Morning,Sunday,10,7/3/2024
Hinjewadi,Shivajinagar,30.1,67.13,Medium,Midday,Monday,28,2/17/2024
Viman Nagar,Baner,49.56,62.82,Medium,Evening,Wednesday,75,5/13/2024
Baner,Baner,33.02,26.23,High,Morning,Saturday,18,10/7/2024
Baner,Kothrud,3.94,65.76,Low,Midday,Tuesday,45,11/21/2023
Hinjewadi,Shivajinagar,38.38,92.4,Medium,Early Morning,Saturday,3,10/1/2024
Hadapsar,Baner,18.92,78.47,Medium,Early Morning,Saturday,93,8/17/2024
Hinjewadi,Kothrud,37.42,72.91,High,Evening,Thursday,23,8/10/2024
Hinjewadi,Wakad,40.25,13.18,High,Early Morning,Sunday,68,12/6/2023
Hadapsar,Viman Nagar,29.69,76.43,Medium,Midday,Tuesday,67,10/11/2024
Shivajinagar,Wakad,39.19,54.11,Low,Evening,Sunday,42,3/12/2024
Hinjewadi,Kharadi,47.44,30.75,High,Midday,Friday,27,6/1/2024
Shivajinagar,Kothrud,1.32,103.2,Medium,Early Morning,Wednesday,45,9/4/2024
Hadapsar,Viman Nagar,46.13,6.51,Medium,Midday,Saturday,27,8/3/2024
Kothrud,Kothrud,47.35,88.7,Medium,Morning,Saturday,38,3/28/2024
Kharadi,Hinjewadi,26.42,96.17,Medium,Early Morning,Friday,36,1/30/2024
Hadapsar,Kharadi,19.1,16.25,Medium,Midday,Thursday,13,11/4/2023
Wakad,Kharadi,43.15,59.31,High,Midday,Thursday,7,7/9/2024
Viman Nagar,Baner,43.9,99.64,Medium,Early Morning,Friday,79,7/4/2024
Kharadi,Hinjewadi,2.98,63.31,Medium,Morning,Wednesday,2,9/15/2024
Shivajinagar,Hinjewadi,37.29,84.45,High,Evening,Friday,68,6/26/2024
Baner,Hadapsar,27.9,75.52,Low,Evening,Wednesday,10,1/26/2024
Kharadi,Wakad,12.69,101.1,High,Morning,Friday,45,5/1/2024
Viman Nagar,Baner,7.36,50.7,Medium,Early Morning,Monday,97,7/7/2024
Hadapsar,Hinjewadi,8.21,69.54,Medium,Morning,Thursday,99,9/30/2024
Kothrud,Viman Nagar,43.85,93.6,Medium,Evening,Wednesday,19,5/30/2024
Hadapsar,Shivajinagar,31.92,77.03,High,Early Morning,Friday,37,2/19/2024
Viman Nagar,Baner,3.75,56.02,Low,Early Morning,Thursday,46,5/19/2024
Hinjewadi,Kothrud,19.02,39.07,Medium,Midday,Wednesday,68,12/2/2023
Viman Nagar,Viman Nagar,49.18,33.95,Medium,Morning,Saturday,45,8/7/2024
Shivajinagar,Viman Nagar,44.26,34.51,Medium,Early Morning,Wednesday,28,3/13/2024
Hadapsar,Baner,18.61,23.03,High,Morning,Wednesday,55,12/2/2023
Viman Nagar,Shivajinagar,15.6,117.28,Low,Morning,Saturday,85,6/24/2024
Hadapsar,Wakad,9.24,62.32,Medium,Morning,Friday,78,2/13/2024
Viman Nagar,Wakad,20.87,73.82,Medium,Morning,Sunday,80,2/24/2024
Hadapsar,Wakad,20.31,41.42,Medium,Midday,Sunday,59,12/25/2023
Hinjewadi,Kharadi,47.78,29.76,Medium,Early Morning,Thursday,52,3/26/2024
Hinjewadi,Hadapsar,7.3,117.26,Low,Midday,Saturday,82,1/14/2024
Viman Nagar,Hinjewadi,22.32,104.49,High,Midday,Thursday,21,3/30/2024
Viman Nagar,Viman Nagar,26.83,109.72,Low,Midday,Friday,41,6/16/2024
Hadapsar,Hadapsar,25.8,21.95,Medium,Evening,Monday,68,6/23/2024
Baner,Viman Nagar,25.55,14.93,High,Evening,Monday,92,5/27/2024
Hadapsar,Baner,8.02,44.97,Low,Morning,Saturday,9,9/8/2024
Viman Nagar,Kharadi,42.01,63.4,High,Early Morning,Saturday,99,7/24/2024
Kothrud,Wakad,28.93,94.74,Low,Morning,Friday,79,10/29/2023
Kothrud,Hinjewadi,21.27,70.75,High,Evening,Sunday,27,9/29/2024
Kharadi,Baner,10.64,52.95,Low,Early Morning,Tuesday,58,11/23/2023
Wakad,Kothrud,46.51,82.96,Low,Morning,Saturday,65,6/9/2024
Hadapsar,Kharadi,14.29,57.27,Low,Morning,Tuesday,57,6/20/2024
Baner,Kothrud,32.1,36.37,Low,Morning,Tuesday,11,3/23/2024
Kothrud,Hinjewadi,27.78,26.1,Low,Early Morning,Tuesday,97,9/14/2024
Wakad,Kothrud,8.65,104.93,High,Morning,Saturday,74,5/12/2024
Viman Nagar,Kharadi,31.67,38.34,Low,Midday,Friday,91,5/8/2024
Baner,Hadapsar,43.74,61.01,Medium,Early Morning,Tuesday,65,6/12/2024
Hinjewadi,Shivajinagar,23.3,41.96,High,Morning,Monday,90,7/22/2024
Kharadi,Shivajinagar,43.11,56.4,Low,Early Morning,Tuesday,34,5/5/2024
Kothrud,Baner,9.79,84.66,Medium,Evening,Saturday,37,5/8/2024
Hadapsar,Hadapsar,28.51,44.2,Low,Midday,Monday,9,10/29/2023
Kothrud,Kothrud,21.25,57.06,High,Early Morning,Tuesday,15,4/6/2024
Kharadi,Baner,39.86,30.82,Low,Evening,Saturday,1,12/15/2023
Shivajinagar,Hinjewadi,46.52,99.89,High,Morning,Saturday,20,6/26/2024
Shivajinagar,Baner,36.02,60.57,Medium,Midday,Monday,5,12/4/2023
Hadapsar,Shivajinagar,3.79,78.55,Medium,Evening,Friday,99,12/16/2023
Hadapsar,Hadapsar,24.37,76.31,Medium,Early Morning,Monday,57,12/16/2023
Shivajinagar,Shivajinagar,34.5,34.51,High,Morning,Sunday,5,8/18/2024
Kharadi,Hinjewadi,46.61,21.92,Medium,Evening,Friday,26,4/18/2024
Kothrud,Kharadi,22.69,99.86,High,Early Morning,Tuesday,51,8/11/2024
Shivajinagar,Baner,32.33,60.38,Low,Midday,Sunday,96,10/2/2024
Viman Nagar,Hadapsar,24.73,26.35,Low,Early Morning,Monday,48,3/3/2024
Baner,Shivajinagar,4.18,25.82,Low,Evening,Saturday,52,11/30/2023
Hinjewadi,Baner,6.61,108.54,Low,Morning,Friday,11,4/28/2024
Shivajinagar,Baner,22.8,77.01,Medium,Morning,Monday,62,7/4/2024
Wakad,Viman Nagar,8.44,48.72,Low,Evening,Tuesday,83,11/13/2023
Hinjewadi,Baner,5.16,64.73,Medium,Morning,Sunday,90,3/28/2024
Hinjewadi,Wakad,22.31,118.65,Low,Evening,Thursday,72,2/17/2024
Shivajinagar,Hadapsar,31.68,87.97,High,Midday,Friday,67,11/2/2023
Kharadi,Viman Nagar,26.24,66.13,High,Midday,Saturday,81,4/2/2024
Kothrud,Kothrud,26.56,32.26,High,Early Morning,Thursday,47,2/11/2024
Kharadi,Kothrud,33.29,117.43,Low,Morning,Saturday,34,11/30/2023
Baner,Baner,38.32,62.47,High,Early Morning,Tuesday,25,12/15/2023
Hinjewadi,Baner,10.98,55.91,Medium,Midday,Saturday,57,6/16/2024
Kharadi,Wakad,10.54,16.11,Low,Midday,Wednesday,32,11/19/2023
Kharadi,Baner,31.77,91.61,Medium,Morning,Tuesday,2,7/4/2024
Shivajinagar,Hadapsar,15.82,8.71,Low,Early Morning,Tuesday,89,5/30/2024
Hinjewadi,Baner,12.55,72.25,Low,Early Morning,Tuesday,64,1/27/2024
Baner,Hinjewadi,41.26,101.61,High,Early Morning,Sunday,88,9/30/2024
Viman Nagar,Kharadi,21.24,76.42,Medium,Early Morning,Wednesday,99,7/29/2024
Kharadi,Hinjewadi,1.9,116.99,High,Early Morning,Wednesday,93,9/27/2024
Hinjewadi,Hinjewadi,42.93,48.38,Medium,Morning,Wednesday,77,10/13/2024
Wakad,Hadapsar,48.6,76.42,Low,Midday,Thursday,22,5/15/2024
Kothrud,Hinjewadi,21.14,36.59,High,Early Morning,Tuesday,47,12/14/2023
Kharadi,Hadapsar,6.49,44.58,Low,Evening,Tuesday,38,1/18/2024
Hadapsar,Wakad,49.52,98.19,Medium,Early Morning,Monday,51,12/2/2023
Hinjewadi,Hadapsar,26.76,51.55,High,Midday,Wednesday,97,2/7/2024
Kothrud,Hinjewadi,23.78,16.7,Medium,Early Morning,Sunday,86,6/14/2024
Hinjewadi,Kothrud,31.15,95.51,Low,Evening,Thursday,78,6/2/2024
Shivajinagar,Kharadi,11.03,81.56,Low,Midday,Thursday,41,12/17/2023
Shivajinagar,Shivajinagar,28.03,12.62,High,Midday,Friday,71,11/13/2023
Hinjewadi,Baner,23.5,67.36,Medium,Midday,Tuesday,76,8/4/2024
Hinjewadi,Hadapsar,16.33,9.25,Low,Early Morning,Saturday,8,1/15/2024
Hinjewadi,Hinjewadi,29.86,23.07,High,Midday,Sunday,32,11/14/2023
Kharadi,Hadapsar,18.43,20.03,Low,Midday,Tuesday,56,8/25/2024
Wakad,Wakad,13.39,90,Low,Early Morning,Tuesday,40,11/11/2023
Hinjewadi,Kothrud,25.32,91.92,Low,Evening,Tuesday,72,7/27/2024
Hinjewadi,Hadapsar,9.35,16.4,Medium,Early Morning,Wednesday,1,5/14/2024
Hadapsar,Wakad,34.35,88.07,High,Midday,Friday,4,9/20/2024
Kothrud,Kharadi,31.6,12.77,Medium,Evening,Friday,55,2/4/2024
Hinjewadi,Kharadi,42.61,14.57,High,Morning,Tuesday,65,8/29/2024
Kothrud,Hinjewadi,49.95,90.1,High,Morning,Monday,4,8/18/2024
Hadapsar,Kothrud,49.31,115.71,High,Early Morning,Saturday,54,12/28/2023
Viman Nagar,Kharadi,34.26,78.78,High,Early Morning,Monday,49,2/7/2024
Kharadi,Viman Nagar,23.53,33.17,Low,Early Morning,Wednesday,57,10/25/2023
Hadapsar,Kharadi,38.57,21.6,Low,Midday,Tuesday,60,9/23/2024
Kothrud,Wakad,19.25,90.45,High,Early Morning,Tuesday,20,6/4/2024
Shivajinagar,Wakad,38.02,77.92,Medium,Early Morning,Saturday,93,3/18/2024
Hadapsar,Hinjewadi,43.47,45.71,Medium,Midday,Monday,31,10/19/2024
Kharadi,Baner,48.56,7.61,High,Morning,Tuesday,65,8/11/2024
Hadapsar,Hinjewadi,39.26,90.9,Medium,Evening,Sunday,53,12/11/2023
Viman Nagar,Baner,28.05,87.81,High,Morning,Thursday,34,11/30/2023
Shivajinagar,Viman Nagar,9.1,42.54,Low,Morning,Sunday,21,7/12/2024
Kharadi,Shivajinagar,49.61,82.3,High,Evening,Saturday,12,11/13/2023
Kharadi,Viman Nagar,3.45,55.74,Medium,Evening,Tuesday,51,11/15/2023
Hadapsar,Wakad,25.54,105.34,High,Midday,Wednesday,41,4/13/2024
Shivajinagar,Kharadi,15.23,116.4,Low,Midday,Monday,36,8/5/2024
Hadapsar,Shivajinagar,45.81,72.37,Medium,Early Morning,Thursday,83,7/7/2024
Viman Nagar,Hadapsar,38.88,64.63,High,Evening,Friday,40,8/20/2024
Viman Nagar,Shivajinagar,21.66,117.98,Medium,Morning,Sunday,18,5/4/2024
Wakad,Viman Nagar,16.82,7.22,Medium,Early Morning,Tuesday,66,12/1/2023
Kothrud,Kothrud,13.17,87.32,High,Early Morning,Sunday,25,4/10/2024
Wakad,Hadapsar,45.45,111.53,Low,Evening,Wednesday,22,2/9/2024
Baner,Hadapsar,26.78,106.91,Medium,Morning,Friday,77,9/26/2024
Hadapsar,Kothrud,28.42,33.56,High,Morning,Monday,36,5/18/2024
Wakad,Wakad,19.64,99.02,High,Evening,Monday,8,10/9/2024
Kharadi,Kothrud,13.69,50.3,High,Evening,Tuesday,79,12/11/2023
Kharadi,Kharadi,3.82,105.8,High,Early Morning,Thursday,42,8/14/2024
Hadapsar,Baner,19.23,81.96,High,Early Morning,Friday,73,1/25/2024
Shivajinagar,Viman Nagar,11.23,8.95,Medium,Morning,Sunday,25,2/8/2024
Hinjewadi,Shivajinagar,45.03,72.65,High,Morning,Friday,44,2/8/2024
Hinjewadi,Hinjewadi,33.86,53.56,Low,Early Morning,Saturday,33,7/31/2024
Wakad,Shivajinagar,48.64,58.12,Low,Early Morning,Wednesday,53,4/14/2024
Hadapsar,Viman Nagar,48.15,74.82,Low,Evening,Sunday,67,9/29/2024
Kharadi,Wakad,36.64,62.85,Medium,Early Morning,Monday,64,8/12/2024
Hadapsar,Shivajinagar,5.2,42.76,Medium,Morning,Saturday,54,4/6/2024
Kothrud,Viman Nagar,29.37,108.94,High,Midday,Saturday,26,3/14/2024
Viman Nagar,Viman Nagar,24.82,22.98,High,Evening,Friday,22,8/14/2024
Baner,Wakad,1.7,107.89,High,Midday,Sunday,58,4/27/2024
Hinjewadi,Kharadi,46.67,114.43,Low,Evening,Saturday,92,7/20/2024
Shivajinagar,Baner,6.98,86.42,Low,Morning,Sunday,27,12/29/2023
Hadapsar,Viman Nagar,15.56,48.01,Low,Evening,Monday,19,1/27/2024
Shivajinagar,Hinjewadi,18.85,21.96,High,Early Morning,Saturday,65,4/15/2024
Kharadi,Kharadi,10.19,78.12,High,Early Morning,Sunday,65,3/4/2024
Shivajinagar,Kharadi,45.56,99.03,Low,Early Morning,Sunday,97,7/8/2024
Wakad,Wakad,5.89,9.08,High,Evening,Sunday,97,12/19/2023
Kharadi,Wakad,23.87,92.46,Low,Morning,Friday,89,7/14/2024
Kharadi,Kothrud,43.12,108.11,Low,Early Morning,Tuesday,2,1/24/2024
Kothrud,Hinjewadi,24.53,17.04,High,Morning,Saturday,41,4/15/2024
Hinjewadi,Baner,43.25,89.53,High,Midday,Tuesday,32,6/10/2024
Wakad,Kharadi,41.79,115.68,Low,Early Morning,Monday,92,3/1/2024
Shivajinagar,Hinjewadi,24.62,33.41,Low,Early Morning,Thursday,14,3/22/2024
Hadapsar,Kharadi,47.94,108,Medium,Morning,Friday,31,7/7/2024
Baner,Baner,3.56,35.98,High,Evening,Wednesday,75,7/31/2024
Kharadi,Shivajinagar,16.62,53.15,Medium,Morning,Wednesday,53,7/12/2024
Wakad,Kharadi,47.11,19.66,High,Evening,Thursday,29,12/20/2023
Kharadi,Hinjewadi,30.99,71.26,Medium,Morning,Sunday,62,8/2/2024
Shivajinagar,Baner,14.69,7.85,High,Evening,Tuesday,3,3/14/2024
Baner,Baner,8.36,50.77,High,Midday,Saturday,55,9/9/2024
Viman Nagar,Wakad,18.37,56.51,Low,Midday,Tuesday,75,8/25/2024
Kothrud,Shivajinagar,42.07,30.45,Medium,Evening,Sunday,87,2/3/2024
Wakad,Kothrud,30.71,17.75,High,Early Morning,Saturday,51,6/8/2024
Baner,Baner,11.95,97.06,High,Morning,Monday,93,1/19/2024
Wakad,Shivajinagar,29.33,39.7,Medium,Evening,Friday,71,1/30/2024
Baner,Baner,33.36,45.05,Medium,Evening,Friday,38,5/12/2024
Baner,Wakad,37.53,29.26,Medium,Morning,Monday,58,8/12/2024
Baner,Wakad,29.11,119.73,Low,Evening,Sunday,21,9/15/2024
Kothrud,Kharadi,33.68,84.82,High,Early Morning,Wednesday,49,6/27/2024
Kharadi,Kothrud,49.34,74.79,Medium,Morning,Saturday,79,2/5/2024
Kharadi,Hadapsar,8.23,111.71,Low,Early Morning,Friday,99,5/30/2024
Kharadi,Hadapsar,43.44,39.18,Low,Evening,Thursday,55,12/15/2023
Kharadi,Hinjewadi,33.46,17.05,High,Midday,Monday,80,4/30/2024
Viman Nagar,Shivajinagar,36.31,81.39,High,Evening,Wednesday,41,8/20/2024
Hadapsar,Kharadi,47,42.85,Medium,Midday,Wednesday,59,12/29/2023
Kothrud,Kothrud,2.74,21.38,Low,Evening,Tuesday,83,1/24/2024
Hinjewadi,Kharadi,33.13,19.39,High,Morning,Monday,99,12/2/2023
Baner,Viman Nagar,30.16,22.93,High,Morning,Sunday,39,8/23/2024
Wakad,Viman Nagar,15.08,85.59,Low,Early Morning,Tuesday,15,8/21/2024
Shivajinagar,Shivajinagar,41.7,32.93,High,Morning,Tuesday,15,6/3/2024
Hadapsar,Baner,48.88,18.35,High,Evening,Sunday,44,6/28/2024
Wakad,Viman Nagar,12.64,115.78,Low,Early Morning,Sunday,13,2/5/2024
Wakad,Hinjewadi,9.93,14.93,Medium,Morning,Friday,34,2/14/2024
Baner,Baner,10.08,14.87,High,Evening,Wednesday,10,8/14/2024
Kharadi,Viman Nagar,23.57,118.1,Low,Early Morning,Wednesday,73,12/6/2023
Kothrud,Viman Nagar,36.88,15.78,Low,Midday,Sunday,50,1/17/2024
Hadapsar,Baner,30.03,50.03,High,Early Morning,Sunday,54,1/10/2024
Hinjewadi,Viman Nagar,14.77,51.65,Low,Morning,Sunday,40,2/18/2024
Baner,Kothrud,8.52,83.31,Medium,Early Morning,Thursday,24,8/2/2024
Hinjewadi,Hinjewadi,15.74,43.48,Medium,Evening,Tuesday,29,5/16/2024
Hadapsar,Hadapsar,33.82,90.92,High,Early Morning,Thursday,6,5/22/2024
Shivajinagar,Baner,23.87,115.64,Low,Early Morning,Monday,37,3/25/2024
Wakad,Hinjewadi,34.63,33.48,Low,Evening,Thursday,90,7/22/2024
Wakad,Hadapsar,26.88,93.32,Low,Morning,Monday,87,4/15/2024
Viman Nagar,Wakad,7.35,103.99,Medium,Evening,Saturday,53,8/23/2024
Shivajinagar,Hinjewadi,2.4,7.23,Low,Evening,Friday,20,10/18/2024
Kharadi,Viman Nagar,46.15,7.55,High,Midday,Thursday,51,1/29/2024
Baner,Viman Nagar,10.21,103.26,Medium,Morning,Monday,88,10/3/2024
Kothrud,Hinjewadi,19.33,86.07,High,Early Morning,Sunday,92,3/25/2024
Hinjewadi,Wakad,42.88,114.38,Low,Evening,Tuesday,59,3/6/2024
Hadapsar,Wakad,43,27.48,Medium,Midday,Saturday,32,10/18/2024
Hadapsar,Kharadi,11.13,51.58,Low,Morning,Tuesday,66,2/10/2024
Viman Nagar,Baner,43.89,28.03,Medium,Morning,Saturday,28,7/6/2024
Shivajinagar,Wakad,33.2,10.71,High,Midday,Tuesday,89,9/14/2024
Hinjewadi,Kharadi,12.15,42.22,Medium,Evening,Sunday,11,2/14/2024
Viman Nagar,Wakad,6.28,40.46,Low,Evening,Monday,26,8/30/2024
Kothrud,Kothrud,18.24,86.75,Low,Morning,Monday,2,7/22/2024
Wakad,Viman Nagar,17.44,32.75,Low,Midday,Sunday,31,11/26/2023
Baner,Wakad,47.77,76.31,High,Early Morning,Monday,76,6/28/2024
Hadapsar,Wakad,11.15,23.29,Medium,Early Morning,Wednesday,25,1/1/2024
Hadapsar,Wakad,20.69,26.73,Low,Morning,Saturday,64,1/4/2024
Hadapsar,Baner,44.45,57.26,Low,Morning,Thursday,15,9/21/2024
Hadapsar,Hinjewadi,32.28,105.22,High,Morning,Wednesday,76,5/24/2024
Kharadi,Kothrud,43.76,109.33,Low,Evening,Tuesday,15,1/24/2024
Wakad,Baner,26.41,60.47,Medium,Midday,Monday,61,10/15/2024
Hadapsar,Hinjewadi,26.14,62.19,Medium,Midday,Friday,82,10/27/2023
Wakad,Shivajinagar,47.89,104.18,High,Evening,Tuesday,9,4/28/2024
Kothrud,Hinjewadi,33.96,7.93,Medium,Midday,Thursday,38,1/18/2024
Hadapsar,Baner,26.42,45.65,Low,Morning,Wednesday,92,2/2/2024
Shivajinagar,Hinjewadi,12.28,92.73,Medium,Morning,Tuesday,45,7/4/2024
Shivajinagar,Hinjewadi,20,87.63,Medium,Midday,Saturday,83,5/15/2024
Baner,Hinjewadi,6.55,99.25,Medium,Early Morning,Sunday,99,4/14/2024
Hinjewadi,Shivajinagar,3.88,6.15,Medium,Midday,Wednesday,54,12/26/2023
Hinjewadi,Hadapsar,27.48,32.52,Medium,Early Morning,Friday,5,7/28/2024
Hinjewadi,Hadapsar,24.39,27.79,Low,Morning,Monday,72,5/8/2024
Hadapsar,Hadapsar,49.08,65.04,High,Early Morning,Wednesday,15,11/12/2023
Viman Nagar,Wakad,11.9,14.6,High,Morning,Wednesday,24,12/29/2023
Viman Nagar,Shivajinagar,6.26,59.27,High,Early Morning,Thursday,27,11/14/2023
Kothrud,Kothrud,30.52,111.91,Low,Morning,Monday,49,3/10/2024
Shivajinagar,Baner,10.53,27.86,Low,Evening,Friday,17,8/7/2024
Kharadi,Baner,33.28,91.93,High,Evening,Sunday,45,2/16/2024
Baner,Hadapsar,27.35,78.88,Medium,Early Morning,Friday,69,11/7/2023
Hadapsar,Hadapsar,30.36,23.98,High,Morning,Sunday,79,10/3/2024
Wakad,Baner,40.6,56.3,Medium,Evening,Wednesday,6,4/21/2024
Viman Nagar,Hinjewadi,13.08,68.04,Medium,Morning,Thursday,70,12/21/2023
Baner,Hadapsar,6.2,48.83,Low,Morning,Monday,72,10/6/2024
Hadapsar,Wakad,41.28,105.03,Low,Midday,Friday,81,12/13/2023
Hadapsar,Hinjewadi,22.66,65.68,High,Morning,Friday,95,10/19/2024
Wakad,Hinjewadi,22.07,70.9,Medium,Evening,Wednesday,56,1/11/2024
Shivajinagar,Kothrud,36.4,82.76,Low,Evening,Thursday,78,1/23/2024
Wakad,Hadapsar,45.32,31.86,High,Midday,Tuesday,95,12/6/2023
Shivajinagar,Shivajinagar,43.16,35.36,Low,Evening,Monday,16,3/2/2024
Hinjewadi,Hinjewadi,23.9,113.41,High,Midday,Monday,77,1/4/2024
Kothrud,Hadapsar,44.07,107.26,Medium,Early Morning,Tuesday,59,7/23/2024
Shivajinagar,Shivajinagar,41.28,106.54,Medium,Evening,Saturday,79,11/21/2023
Shivajinagar,Viman Nagar,24.07,25.09,High,Morning,Thursday,87,6/12/2024
Baner,Hadapsar,25.16,60.75,Medium,Evening,Friday,53,9/13/2024
Baner,Wakad,34.27,39.17,Medium,Midday,Monday,69,5/12/2024
Kothrud,Shivajinagar,14.73,92.08,Low,Morning,Thursday,8,6/17/2024
Hinjewadi,Hadapsar,4.99,14.53,Low,Evening,Thursday,27,11/17/2023
Viman Nagar,Kothrud,29.45,11.82,Medium,Evening,Sunday,67,5/20/2024
Kharadi,Wakad,45.34,102.67,High,Midday,Thursday,44,2/27/2024
Baner,Wakad,21.11,117.28,Medium,Early Morning,Sunday,25,10/3/2024
Baner,Hadapsar,15.34,94.51,Medium,Midday,Tuesday,39,1/18/2024
Viman Nagar,Kharadi,9.12,99.3,High,Morning,Saturday,72,1/18/2024
Hinjewadi,Kothrud,21.25,36.58,Medium,Evening,Monday,3,5/9/2024
Shivajinagar,Hinjewadi,29.65,102.29,Medium,Midday,Friday,45,10/27/2023
Kothrud,Wakad,38.6,16.65,Medium,Midday,Thursday,49,12/9/2023
Shivajinagar,Hinjewadi,44.23,14.42,Low,Morning,Thursday,64,1/3/2024
Kharadi,Hadapsar,39.36,39.8,Low,Early Morning,Friday,39,1/19/2024
Wakad,Shivajinagar,42.45,99.07,High,Morning,Thursday,72,11/1/2023
Wakad,Hadapsar,29.92,48.55,Low,Midday,Sunday,60,8/13/2024
Shivajinagar,Hadapsar,2.76,104.37,High,Midday,Wednesday,18,8/12/2024
Hadapsar,Kothrud,15.83,30.2,High,Midday,Saturday,71,10/28/2023
Hadapsar,Kothrud,23.4,23.23,Low,Early Morning,Sunday,81,5/17/2024
Kothrud,Baner,1.28,118.04,Medium,Evening,Sunday,9,6/29/2024
Kothrud,Viman Nagar,7.82,98.51,High,Midday,Sunday,96,1/17/2024
Shivajinagar,Hadapsar,35.88,15.4,High,Midday,Tuesday,64,10/18/2024
Shivajinagar,Hadapsar,45.17,110.57,High,Midday,Thursday,46,6/3/2024
Kothrud,Wakad,39.83,72.23,Medium,Early Morning,Saturday,86,11/30/2023
Hinjewadi,Hinjewadi,34.83,42.29,High,Morning,Monday,67,3/14/2024
Wakad,Kharadi,30.52,91.21,High,Evening,Wednesday,33,11/22/2023
Kharadi,Viman Nagar,2.03,35.28,Low,Early Morning,Saturday,25,10/13/2024
Kothrud,Hadapsar,4.95,51.7,High,Midday,Sunday,28,11/9/2023
Wakad,Kharadi,8.88,70.12,Low,Evening,Friday,3,4/1/2024
Shivajinagar,Wakad,1.78,117.49,High,Midday,Monday,3,4/2/2024
Hadapsar,Kothrud,47.73,74.98,High,Morning,Friday,86,9/15/2024
Hadapsar,Kharadi,27.96,55.82,High,Midday,Wednesday,78,2/12/2024
Kharadi,Kharadi,13.05,109.8,Low,Midday,Wednesday,41,12/17/2023
Kharadi,Kharadi,40.32,42.23,High,Evening,Monday,88,7/25/2024
Shivajinagar,Kothrud,4.14,97.78,High,Midday,Monday,75,5/23/2024
Viman Nagar,Kothrud,6.09,21.9,Low,Early Morning,Thursday,45,6/24/2024
Hadapsar,Kharadi,15.05,86.59,High,Early Morning,Monday,98,12/20/2023
Baner,Wakad,17.63,102.28,Medium,Midday,Monday,12,1/11/2024
Wakad,Baner,31.66,69.73,High,Morning,Thursday,32,7/8/2024
Viman Nagar,Baner,38.13,63.48,Medium,Early Morning,Wednesday,83,8/20/2024
Wakad,Kharadi,4.18,85,Medium,Morning,Wednesday,14,12/6/2023
Hinjewadi,Hadapsar,31.1,88.79,High,Evening,Wednesday,81,8/1/2024
Shivajinagar,Baner,17.77,83.15,High,Early Morning,Saturday,54,8/25/2024
Wakad,Kothrud,46.72,109.58,Low,Evening,Thursday,26,3/4/2024
Hadapsar,Hinjewadi,29.84,22.83,High,Evening,Thursday,87,7/7/2024
Shivajinagar,Wakad,40.89,37.7,Low,Early Morning,Sunday,40,8/12/2024
Hadapsar,Kothrud,30.43,30.39,Medium,Evening,Sunday,88,1/3/2024
Baner,Shivajinagar,23.55,112.42,Low,Evening,Saturday,30,5/26/2024
Shivajinagar,Viman Nagar,1.87,36.42,High,Morning,Thursday,38,9/6/2024
Hadapsar,Kothrud,7.56,36.08,Low,Morning,Friday,46,2/9/2024
Viman Nagar,Hinjewadi,47.67,111.88,Low,Evening,Sunday,27,11/20/2023
Kothrud,Baner,19.05,19.75,High,Morning,Sunday,53,5/31/2024
Shivajinagar,Kharadi,26.21,52.78,Medium,Morning,Sunday,95,12/12/2023
Hadapsar,Shivajinagar,9.34,78.46,Medium,Evening,Wednesday,44,6/1/2024
Baner,Hinjewadi,13.11,100.88,Medium,Early Morning,Friday,92,6/12/2024
Kothrud,Kothrud,49.58,5.85,High,Early Morning,Sunday,18,11/3/2023
Baner,Hadapsar,48.38,10.53,High,Early Morning,Thursday,42,6/18/2024
Shivajinagar,Viman Nagar,11.53,74.54,Low,Early Morning,Wednesday,72,1/18/2024
Kothrud,Kharadi,10.3,99.07,High,Morning,Sunday,38,7/21/2024
Baner,Kharadi,16.51,30.99,Low,Morning,Sunday,75,1/20/2024
Hinjewadi,Hadapsar,34.61,73.21,Low,Early Morning,Tuesday,26,11/20/2023
Kothrud,Viman Nagar,16.65,92.22,High,Early Morning,Thursday,52,2/28/2024
Kothrud,Kothrud,44.67,57.24,Low,Morning,Friday,1,4/21/2024
Wakad,Wakad,30.22,99.3,Low,Early Morning,Sunday,66,3/24/2024
Hinjewadi,Shivajinagar,29.1,93.37,Low,Early Morning,Saturday,63,12/7/2023
Kharadi,Hinjewadi,6.34,109.12,Low,Morning,Friday,2,3/29/2024
Hadapsar,Kharadi,26.34,12.46,High,Evening,Sunday,56,10/12/2024
Hinjewadi,Hinjewadi,10.15,67.73,Medium,Early Morning,Saturday,8,1/15/2024
Kothrud,Kothrud,13.25,78.85,Medium,Evening,Saturday,47,4/15/2024
Kharadi,Kothrud,15.78,88.6,Medium,Early Morning,Saturday,20,1/17/2024
Hinjewadi,Wakad,27.74,115.76,Low,Early Morning,Wednesday,12,6/26/2024
Hinjewadi,Wakad,5.44,20.09,Medium,Early Morning,Saturday,25,4/13/2024
Viman Nagar,Baner,5.07,45.34,Medium,Midday,Tuesday,51,1/27/2024
Hinjewadi,Kharadi,36.06,90.14,High,Morning,Sunday,37,4/8/2024
Hinjewadi,Shivajinagar,40.48,22.17,Low,Evening,Friday,25,2/15/2024
Wakad,Wakad,12.05,48.05,Low,Midday,Saturday,16,1/25/2024
Baner,Viman Nagar,41.64,98.47,High,Morning,Monday,93,11/29/2023
Kothrud,Baner,41,65.16,Medium,Midday,Tuesday,26,8/7/2024
Baner,Hinjewadi,10.29,23.72,High,Early Morning,Thursday,88,1/3/2024
Shivajinagar,Hadapsar,8.2,95.64,Medium,Early Morning,Monday,51,4/16/2024
Wakad,Shivajinagar,16.45,95.09,Medium,Early Morning,Wednesday,65,8/5/2024
Wakad,Baner,25.31,78.31,Low,Midday,Friday,93,12/10/2023
Hinjewadi,Baner,31.14,110.11,Medium,Midday,Thursday,15,11/27/2023
Hinjewadi,Baner,27.39,26.74,High,Evening,Tuesday,28,12/12/2023
Kothrud,Wakad,27.84,15.32,High,Early Morning,Sunday,17,8/5/2024
Kharadi,Viman Nagar,29,98.53,High,Morning,Wednesday,55,5/31/2024
Viman Nagar,Kothrud,14.65,43.55,High,Midday,Sunday,48,3/22/2024
Kharadi,Shivajinagar,16.01,27.77,High,Morning,Monday,54,10/19/2024
Shivajinagar,Kharadi,15.63,40.89,Medium,Morning,Tuesday,26,5/24/2024
Shivajinagar,Kothrud,8.35,39.77,Medium,Early Morning,Monday,2,2/9/2024
Hinjewadi,Hinjewadi,21.03,109.17,Low,Evening,Monday,29,1/28/2024
Hinjewadi,Wakad,37.01,29.92,High,Early Morning,Sunday,51,1/14/2024
Hadapsar,Wakad,3.49,47.45,High,Morning,Sunday,35,5/21/2024
Viman Nagar,Hinjewadi,6.77,60.55,Low,Morning,Sunday,98,8/22/2024
Wakad,Baner,8.88,35.06,Medium,Evening,Wednesday,64,8/19/2024
Baner,Kharadi,29.77,64.92,Medium,Early Morning,Monday,50,5/22/2024
Baner,Kharadi,8.6,102.66,High,Midday,Sunday,64,9/15/2024
Viman Nagar,Kothrud,23.08,85.78,Medium,Midday,Friday,72,7/3/2024
Hinjewadi,Hinjewadi,36.3,93.27,Medium,Evening,Friday,50,9/14/2024
Hadapsar,Baner,5.69,68.84,High,Early Morning,Thursday,17,10/3/2024
Kharadi,Hadapsar,31.57,38.88,Medium,Morning,Thursday,96,1/18/2024
Kharadi,Kothrud,26.25,94.65,Low,Morning,Tuesday,95,4/15/2024
Kharadi,Wakad,41.56,107.26,Medium,Evening,Thursday,40,4/3/2024
Hadapsar,Kothrud,3.72,33.85,Low,Midday,Tuesday,86,1/5/2024
Hinjewadi,Baner,23.26,56.12,Medium,Early Morning,Monday,77,11/15/2023
Kharadi,Shivajinagar,9.74,62.09,Medium,Evening,Sunday,59,9/11/2024
Wakad,Kothrud,46.96,26.78,Medium,Morning,Tuesday,31,4/7/2024
Kothrud,Shivajinagar,8.73,66.61,High,Morning,Tuesday,19,3/23/2024
Baner,Kharadi,34.14,96.96,High,Early Morning,Friday,97,1/20/2024
Hadapsar,Shivajinagar,39.43,94.25,Medium,Morning,Saturday,57,10/21/2023
Hinjewadi,Kharadi,15.8,76,Low,Evening,Wednesday,35,12/16/2023
Kothrud,Viman Nagar,35.44,88.06,High,Midday,Sunday,41,5/18/2024
Kothrud,Kothrud,14.47,55.03,Medium,Evening,Sunday,58,12/24/2023
Wakad,Hadapsar,48.32,53.97,Medium,Midday,Wednesday,1,8/16/2024
Kothrud,Hinjewadi,34.04,114.11,Low,Early Morning,Saturday,55,6/13/2024
Shivajinagar,Viman Nagar,33.83,48.24,Medium,Morning,Saturday,53,7/30/2024
Hinjewadi,Baner,38.61,73.49,Low,Early Morning,Sunday,95,2/26/2024
Wakad,Kothrud,45.35,82.61,Low,Midday,Saturday,46,3/18/2024
Viman Nagar,Kothrud,44.18,38.62,Low,Evening,Sunday,87,11/24/2023
Kothrud,Kothrud,22.88,67.3,High,Evening,Friday,65,11/5/2023
Hadapsar,Viman Nagar,25.29,15.16,Medium,Evening,Friday,72,3/6/2024
Kharadi,Kothrud,19.98,25.33,High,Early Morning,Saturday,91,3/27/2024
Hadapsar,Shivajinagar,19.07,73.13,Low,Early Morning,Wednesday,4,12/1/2023
Wakad,Shivajinagar,9.29,25.81,Medium,Early Morning,Saturday,19,7/12/2024
Wakad,Viman Nagar,7.77,84.01,Medium,Early Morning,Tuesday,81,4/10/2024
Kothrud,Wakad,12.11,41.82,High,Evening,Tuesday,65,12/21/2023
Hinjewadi,Kothrud,41.42,16.74,Medium,Morning,Wednesday,43,4/1/2024
Kothrud,Viman Nagar,32.87,44.49,Low,Evening,Friday,67,7/1/2024
Wakad,Hadapsar,41.11,80.05,Medium,Early Morning,Saturday,80,10/27/2023
Baner,Hinjewadi,31.23,38.78,Medium,Midday,Monday,99,11/28/2023
Hinjewadi,Hinjewadi,29.15,118.03,Medium,Morning,Tuesday,62,10/2/2024
Wakad,Kharadi,19.44,20.75,Low,Evening,Sunday,72,4/10/2024
Viman Nagar,Shivajinagar,22.27,26.33,Medium,Morning,Wednesday,57,4/7/2024
Hinjewadi,Hinjewadi,10.38,83.97,High,Midday,Friday,56,12/21/2023
Kharadi,Baner,32.19,43.87,High,Early Morning,Thursday,98,8/7/2024
Viman Nagar,Wakad,5.88,14.23,Medium,Midday,Monday,7,8/14/2024
Hinjewadi,Baner,31.03,26.55,Low,Morning,Sunday,14,5/29/2024
Kothrud,Kharadi,15.23,23.68,Medium,Midday,Saturday,9,8/30/2024
Wakad,Hinjewadi,11.98,115.28,High,Midday,Monday,81,2/26/2024
Shivajinagar,Shivajinagar,46.25,64.2,Medium,Early Morning,Friday,39,12/20/2023
Viman Nagar,Kharadi,11.78,11.72,High,Morning,Wednesday,95,6/1/2024
Kothrud,Hinjewadi,13.09,25.23,Low,Evening,Monday,17,8/14/2024
Kothrud,Hinjewadi,21.43,84.32,Low,Evening,Wednesday,48,7/10/2024
Kothrud,Kothrud,13.54,119.45,Medium,Evening,Wednesday,5,3/12/2024
Kharadi,Shivajinagar,1.98,94.34,Low,Midday,Wednesday,19,11/26/2023
Kothrud,Hinjewadi,42.49,8.24,Low,Evening,Saturday,34,3/23/2024
Baner,Viman Nagar,21.83,78.27,Low,Evening,Friday,20,5/19/2024
Baner,Viman Nagar,20.34,85.11,High,Midday,Friday,50,12/4/2023
Hinjewadi,Shivajinagar,40.99,24.44,High,Early Morning,Sunday,92,12/28/2023
Kothrud,Shivajinagar,17.53,89.52,Medium,Morning,Tuesday,22,4/4/2024
Hinjewadi,Baner,3.67,76.8,Medium,Morning,Saturday,38,11/8/2023
Wakad,Hinjewadi,38.52,26.02,High,Morning,Friday,29,8/25/2024
Baner,Hadapsar,30.06,38.16,Low,Early Morning,Saturday,63,6/8/2024
Kothrud,Baner,18.47,34.28,High,Evening,Friday,54,8/4/2024
Kothrud,Wakad,25.54,26.32,Low,Evening,Sunday,21,7/15/2024
Baner,Kothrud,34.02,102.51,High,Midday,Tuesday,97,6/12/2024
Baner,Viman Nagar,47.9,103.08,Low,Early Morning,Monday,75,3/9/2024
Hadapsar,Baner,12.69,35.74,Medium,Morning,Sunday,49,7/26/2024
Viman Nagar,Shivajinagar,24.41,93.13,Medium,Early Morning,Thursday,35,10/14/2024
Kharadi,Viman Nagar,24.65,18.73,Low,Midday,Saturday,16,6/1/2024
Wakad,Viman Nagar,23.26,49.32,Low,Midday,Tuesday,32,7/8/2024
Kothrud,Baner,27.05,5.4,Low,Morning,Monday,81,10/20/2023
Baner,Viman Nagar,47.18,115.22,High,Evening,Tuesday,62,2/17/2024
Hinjewadi,Hadapsar,7.28,86.72,High,Early Morning,Wednesday,14,6/11/2024
Hinjewadi,Kothrud,39.09,106.97,Medium,Evening,Wednesday,68,2/26/2024
Shivajinagar,Viman Nagar,43.16,80.76,High,Evening,Monday,24,12/19/2023
Shivajinagar,Kharadi,33.81,10.78,Medium,Midday,Wednesday,65,9/23/2024
Hinjewadi,Kharadi,35.25,88.5,High,Midday,Monday,82,4/26/2024
Baner,Viman Nagar,22.46,66.84,Medium,Early Morning,Tuesday,90,12/21/2023
Baner,Hadapsar,11.98,29.08,Medium,Morning,Thursday,73,11/10/2023
Wakad,Hadapsar,4.58,54.13,High,Morning,Tuesday,93,7/13/2024
Kothrud,Baner,3.71,114.32,High,Evening,Sunday,82,7/30/2024
Kharadi,Kothrud,18.37,16.82,Low,Early Morning,Saturday,77,9/10/2024
Shivajinagar,Kothrud,41.33,27.58,Medium,Morning,Sunday,41,1/30/2024
Viman Nagar,Hinjewadi,49.2,98.38,High,Early Morning,Saturday,90,2/3/2024
Hadapsar,Kothrud,31.43,65.14,Low,Early Morning,Wednesday,68,9/2/2024
Hadapsar,Shivajinagar,43.94,74.52,Low,Evening,Saturday,94,8/16/2024
Viman Nagar,Hinjewadi,43.85,16.34,Low,Morning,Wednesday,83,2/6/2024
Baner,Kharadi,21.65,102.49,High,Morning,Saturday,69,5/11/2024
Viman Nagar,Wakad,47.23,6.53,Low,Morning,Thursday,36,7/4/2024
Hinjewadi,Kothrud,18.83,20.16,High,Morning,Thursday,60,2/2/2024
Hinjewadi,Baner,37.67,116.08,Low,Evening,Tuesday,53,1/7/2024
Hadapsar,Hadapsar,9.12,45.3,Medium,Early Morning,Sunday,28,4/26/2024
Shivajinagar,Wakad,30.63,39.26,Low,Morning,Saturday,32,3/10/2024
Shivajinagar,Wakad,21.31,82.24,Low,Midday,Wednesday,75,8/28/2024
Baner,Kothrud,45.96,83.83,Low,Evening,Saturday,22,7/19/2024
Shivajinagar,Kharadi,18.67,74.61,Low,Morning,Thursday,3,2/23/2024
Hinjewadi,Kharadi,43.55,75.52,Medium,Midday,Tuesday,10,10/12/2024
Baner,Hinjewadi,24.82,9.55,High,Morning,Wednesday,69,7/31/2024
Hinjewadi,Kothrud,6.22,10.89,Medium,Midday,Thursday,97,1/1/2024
Hadapsar,Kharadi,9.6,69.75,High,Midday,Sunday,17,7/23/2024
Baner,Kharadi,1.13,20.3,High,Early Morning,Sunday,60,3/12/2024
Baner,Baner,16.96,5.85,Low,Evening,Thursday,21,9/16/2024
Shivajinagar,Kothrud,5.28,23.53,High,Early Morning,Sunday,22,2/2/2024
Wakad,Shivajinagar,39.25,20.29,Medium,Midday,Wednesday,96,10/26/2023
Hinjewadi,Shivajinagar,42.9,91.76,High,Evening,Sunday,61,11/6/2023
Shivajinagar,Kharadi,44.24,10.98,Medium,Early Morning,Saturday,82,8/2/2024
Wakad,Baner,5.61,53.97,Low,Midday,Friday,64,8/13/2024
Shivajinagar,Shivajinagar,26.23,59.15,Medium,Early Morning,Friday,24,9/5/2024
Shivajinagar,Kothrud,32.66,77.01,High,Midday,Thursday,70,7/16/2024
Baner,Hinjewadi,38.78,14.54,Medium,Morning,Thursday,26,8/20/2024
Hinjewadi,Viman Nagar,3.21,110.03,Medium,Early Morning,Sunday,73,3/18/2024
Baner,Shivajinagar,27.31,25.05,Low,Early Morning,Thursday,19,11/24/2023
Hadapsar,Hadapsar,1.52,44.65,Medium,Morning,Saturday,46,10/2/2024
Wakad,Shivajinagar,39.47,42.04,Low,Evening,Sunday,68,6/14/2024
Shivajinagar,Kothrud,27.15,18.04,Low,Evening,Sunday,49,5/4/2024
Shivajinagar,Kharadi,1.69,26.81,High,Early Morning,Monday,78,8/16/2024
Viman Nagar,Hinjewadi,36.47,55.71,Medium,Early Morning,Wednesday,68,10/17/2024
Viman Nagar,Kharadi,48.89,31.44,Low,Morning,Sunday,20,6/11/2024
Kothrud,Hinjewadi,6.06,109.11,Low,Evening,Wednesday,24,5/20/2024
Shivajinagar,Wakad,45.23,88.62,High,Midday,Tuesday,79,3/18/2024
Viman Nagar,Hinjewadi,17.29,27.95,High,Early Morning,Friday,91,7/15/2024
Viman Nagar,Kothrud,33.6,108.76,Medium,Early Morning,Saturday,28,9/30/2024
Kothrud,Hadapsar,25.01,63.65,Low,Morning,Wednesday,95,7/16/2024
Shivajinagar,Hinjewadi,41.14,89.43,High,Early Morning,Monday,97,10/12/2024
Wakad,Hadapsar,6.62,6.66,Medium,Evening,Tuesday,53,11/15/2023
Viman Nagar,Kharadi,20.89,10.91,Low,Morning,Wednesday,70,6/25/2024
Kothrud,Hinjewadi,33.48,104.24,Low,Evening,Sunday,47,4/25/2024
Shivajinagar,Hadapsar,38.66,30.26,High,Midday,Sunday,14,6/24/2024
Wakad,Hinjewadi,23.6,98.74,Medium,Early Morning,Saturday,2,3/18/2024
Kharadi,Kothrud,16.2,7.39,Medium,Evening,Wednesday,53,8/5/2024
Wakad,Wakad,2.96,100.78,Low,Midday,Tuesday,43,5/27/2024
Baner,Wakad,12.89,24.68,Low,Early Morning,Tuesday,34,8/17/2024
Hinjewadi,Shivajinagar,38.61,50.66,Low,Morning,Thursday,47,6/13/2024
Hinjewadi,Hadapsar,49.04,71.48,High,Morning,Friday,58,9/22/2024
Kharadi,Hinjewadi,16.28,33.8,Low,Morning,Friday,26,3/8/2024
Viman Nagar,Viman Nagar,27.35,56.59,High,Evening,Sunday,32,1/25/2024
Kharadi,Wakad,30.51,61.49,Medium,Morning,Tuesday,5,1/12/2024
Shivajinagar,Viman Nagar,49.33,113.22,Low,Midday,Friday,38,1/13/2024
Viman Nagar,Shivajinagar,23.43,50.92,High,Early Morning,Monday,49,1/13/2024
Shivajinagar,Hinjewadi,44.72,106.63,Low,Morning,Thursday,83,9/21/2024
Hinjewadi,Viman Nagar,29.61,32.5,Medium,Evening,Sunday,36,10/28/2023
Hinjewadi,Hadapsar,5.42,84.82,Low,Morning,Tuesday,87,8/24/2024
Shivajinagar,Kothrud,5.64,26.46,Low,Early Morning,Saturday,37,10/20/2023
Kharadi,Hinjewadi,35.11,52.87,Medium,Evening,Sunday,82,10/28/2023
Viman Nagar,Hadapsar,19.96,32.19,High,Morning,Saturday,88,6/7/2024
Wakad,Hadapsar,17.43,68.69,Low,Evening,Saturday,35,1/28/2024
Hinjewadi,Shivajinagar,49.88,87.94,Low,Midday,Monday,59,7/15/2024
Viman Nagar,Baner,42.18,99.48,High,Early Morning,Wednesday,52,6/18/2024
Hinjewadi,Shivajinagar,29.15,113.78,High,Morning,Monday,38,2/24/2024
Wakad,Shivajinagar,45.55,6.8,Medium,Midday,Sunday,76,12/31/2023
Baner,Hadapsar,21.19,71.46,High,Evening,Friday,74,6/28/2024
Kharadi,Kharadi,24.86,70.73,Low,Morning,Monday,31,4/19/2024
Shivajinagar,Shivajinagar,11.44,93.88,High,Midday,Saturday,69,11/25/2023
Kharadi,Hinjewadi,5.41,106.84,Medium,Evening,Tuesday,33,1/28/2024
Kharadi,Viman Nagar,43.46,19.1,Medium,Midday,Friday,70,5/1/2024
Baner,Wakad,41.02,30.49,High,Early Morning,Tuesday,75,12/6/2023
Hinjewadi,Kothrud,42.19,34.81,Medium,Evening,Thursday,8,1/8/2024
Baner,Shivajinagar,41.23,40,Low,Early Morning,Sunday,91,3/4/2024
Hinjewadi,Viman Nagar,16.94,89.11,Medium,Evening,Wednesday,28,2/26/2024
Viman Nagar,Wakad,41.75,20.27,Low,Evening,Thursday,50,3/31/2024
Viman Nagar,Hadapsar,11.87,85.79,Medium,Midday,Thursday,41,1/28/2024
Kharadi,Shivajinagar,38.75,16.49,Medium,Morning,Thursday,47,6/25/2024
Viman Nagar,Kharadi,45.77,6.42,Medium,Morning,Friday,3,7/8/2024
Shivajinagar,Kothrud,42.41,106.73,Low,Morning,Wednesday,47,8/28/2024
Viman Nagar,Shivajinagar,14.02,97.84,Low,Evening,Tuesday,47,6/30/2024
Viman Nagar,Baner,37.79,56.52,High,Midday,Saturday,96,7/28/2024
Kharadi,Viman Nagar,9.94,87.79,Low,Morning,Monday,36,5/18/2024
Baner,Kothrud,45.06,92.96,Medium,Evening,Wednesday,51,12/6/2023
Wakad,Wakad,10.79,117.69,Medium,Morning,Saturday,33,12/5/2023
Baner,Hinjewadi,41.98,27.18,High,Evening,Sunday,52,5/25/2024
Hinjewadi,Viman Nagar,33.18,89.52,Medium,Morning,Sunday,6,1/23/2024
Hadapsar,Kothrud,14.9,108.91,Low,Midday,Thursday,40,3/17/2024
Kothrud,Wakad,41.34,83.25,High,Early Morning,Tuesday,95,4/1/2024
Hinjewadi,Hinjewadi,14.89,79.85,Medium,Evening,Friday,82,9/18/2024
Wakad,Viman Nagar,6.25,82.79,Medium,Midday,Sunday,10,3/29/2024
Hadapsar,Wakad,13.57,78.58,Medium,Morning,Sunday,95,12/25/2023
Hadapsar,Hadapsar,7.13,78.08,High,Morning,Wednesday,97,9/6/2024
Viman Nagar,Hadapsar,37.64,111.69,Medium,Early Morning,Sunday,35,10/22/2023
Kothrud,Baner,46.72,82.48,High,Midday,Sunday,24,10/9/2024
Kothrud,Hadapsar,49.19,110.13,Low,Evening,Wednesday,62,10/4/2024
Shivajinagar,Kharadi,39.88,15.55,Low,Morning,Friday,2,3/14/2024
Hadapsar,Kharadi,23.8,110.1,Low,Early Morning,Tuesday,82,2/15/2024
Viman Nagar,Hinjewadi,29.64,99.4,Medium,Morning,Monday,78,9/1/2024
Shivajinagar,Kothrud,18.21,23.45,Medium,Midday,Tuesday,47,11/28/2023
Kothrud,Kharadi,42.08,63.81,High,Midday,Monday,56,10/7/2024
Baner,Hadapsar,11.21,40.07,High,Midday,Thursday,86,7/6/2024
Wakad,Shivajinagar,30.81,24.84,High,Evening,Monday,3,12/20/2023
Hinjewadi,Kharadi,47.96,101.94,High,Early Morning,Tuesday,27,10/7/2024
Kothrud,Shivajinagar,5.09,80.56,Low,Midday,Sunday,23,10/7/2024
Kharadi,Baner,37.18,71.32,Medium,Midday,Saturday,33,1/20/2024
Kothrud,Wakad,47.64,30.85,Low,Midday,Monday,54,12/27/2023
Kharadi,Kharadi,22.31,35.63,Low,Midday,Thursday,35,10/4/2024
Shivajinagar,Kothrud,34.63,109.61,High,Early Morning,Friday,10,4/23/2024
Hadapsar,Kothrud,44.89,33.7,Low,Midday,Tuesday,58,7/6/2024
Viman Nagar,Shivajinagar,18.7,36.95,High,Midday,Sunday,6,10/14/2024
Kharadi,Baner,27.36,36.73,High,Early Morning,Thursday,22,4/3/2024
Hadapsar,Hinjewadi,31.74,14.84,Low,Early Morning,Wednesday,42,5/24/2024
Baner,Viman Nagar,16.19,24.47,Medium,Morning,Monday,84,1/14/2024
Hadapsar,Wakad,11.96,39.42,Medium,Morning,Sunday,9,3/18/2024
Hadapsar,Shivajinagar,7.2,114.2,Low,Early Morning,Sunday,91,3/16/2024
Viman Nagar,Shivajinagar,23.87,64.45,Medium,Evening,Thursday,36,5/20/2024
Hinjewadi,Baner,48.21,70.35,Low,Midday,Wednesday,71,2/29/2024
Wakad,Hadapsar,32.86,10.63,Medium,Early Morning,Sunday,83,5/31/2024
Wakad,Viman Nagar,23.51,91.3,Low,Midday,Tuesday,56,1/22/2024
Baner,Baner,22.28,36.69,Medium,Evening,Friday,6,9/4/2024
Kharadi,Wakad,21.71,118.27,Low,Evening,Wednesday,62,4/12/2024
Viman Nagar,Kharadi,31.68,25.27,High,Midday,Friday,44,3/4/2024
Baner,Shivajinagar,41.39,91.62,Medium,Evening,Sunday,56,8/17/2024
Kothrud,Hinjewadi,3,75.38,Low,Early Morning,Thursday,14,5/10/2024
Hadapsar,Hadapsar,44.33,35.77,Medium,Evening,Sunday,31,3/23/2024
Hinjewadi,Shivajinagar,29.54,119.29,Medium,Evening,Thursday,86,10/15/2024
Hadapsar,Hadapsar,37.58,106.44,High,Midday,Friday,23,9/10/2024
Hadapsar,Hadapsar,11.9,34.23,Low,Evening,Monday,56,7/5/2024
Kothrud,Shivajinagar,40.83,112.94,High,Evening,Thursday,94,6/10/2024
Wakad,Baner,11.24,93.6,Low,Early Morning,Friday,39,8/25/2024
Hinjewadi,Wakad,17.12,17.14,High,Midday,Wednesday,99,9/6/2024
Kothrud,Kothrud,13.11,48.69,Low,Midday,Wednesday,97,1/14/2024
Baner,Baner,41.28,18.64,Medium,Evening,Sunday,36,7/15/2024
Kothrud,Wakad,27.36,74.54,Low,Early Morning,Thursday,3,10/27/2023
Baner,Hadapsar,12.06,42.01,High,Early Morning,Friday,28,1/21/2024
Viman Nagar,Hinjewadi,17.42,116.76,Low,Early Morning,Monday,62,9/8/2024
Shivajinagar,Kothrud,1.48,81.89,Medium,Evening,Thursday,26,3/12/2024
Hadapsar,Viman Nagar,43.57,113.13,High,Early Morning,Thursday,57,12/29/2023
Viman Nagar,Wakad,33.91,77.32,Medium,Early Morning,Monday,22,11/14/2023
Kharadi,Kothrud,44.78,96.59,Medium,Midday,Saturday,94,7/11/2024
Kharadi,Shivajinagar,18.47,108.91,High,Morning,Friday,78,1/22/2024
Hinjewadi,Baner,37.56,56.32,Low,Morning,Monday,10,6/7/2024
Baner,Shivajinagar,8.36,94.56,Medium,Morning,Friday,71,7/17/2024
Shivajinagar,Baner,14.25,16.24,High,Early Morning,Monday,64,6/15/2024
Wakad,Baner,10.76,48.96,Medium,Morning,Sunday,74,8/11/2024
Baner,Hinjewadi,13.63,82.19,High,Midday,Monday,74,4/23/2024
Viman Nagar,Wakad,27.31,27.75,Medium,Evening,Tuesday,37,5/5/2024
Viman Nagar,Shivajinagar,46.12,80.7,Medium,Morning,Thursday,58,10/12/2024
Baner,Kharadi,38.38,29.51,Low,Morning,Tuesday,46,9/20/2024
Wakad,Wakad,31.96,30.3,Medium,Early Morning,Saturday,83,12/21/2023
Hinjewadi,Kharadi,36.65,119.81,Low,Early Morning,Wednesday,91,6/9/2024
Hinjewadi,Wakad,25.06,53.7,Low,Morning,Saturday,92,1/2/2024
Wakad,Baner,34.02,25.03,High,Early Morning,Friday,41,10/15/2024
Wakad,Viman Nagar,42.49,57.75,Medium,Midday,Sunday,34,5/15/2024
Hinjewadi,Kothrud,38.22,61.87,High,Early Morning,Saturday,69,9/23/2024
Wakad,Shivajinagar,37.7,23.74,Medium,Midday,Sunday,96,1/21/2024
Hinjewadi,Wakad,17.14,46.27,Medium,Evening,Thursday,72,3/21/2024
Wakad,Wakad,17.68,60.48,Low,Evening,Wednesday,46,6/8/2024
Viman Nagar,Kharadi,35.1,10.35,Low,Evening,Tuesday,21,3/15/2024
Baner,Kharadi,46.16,89.21,Medium,Early Morning,Tuesday,38,12/14/2023
Viman Nagar,Hinjewadi,23.53,65.96,Medium,Early Morning,Monday,49,11/18/2023
Wakad,Hadapsar,43.26,61.48,Low,Midday,Monday,8,2/11/2024
Kharadi,Wakad,25.91,13.57,Low,Early Morning,Friday,74,11/22/2023
Wakad,Shivajinagar,10.55,62.05,Medium,Morning,Wednesday,80,11/28/2023
Hadapsar,Hadapsar,42.75,90.32,High,Midday,Saturday,67,1/5/2024
Hadapsar,Kharadi,45.8,110.29,High,Evening,Tuesday,70,5/16/2024
Kharadi,Baner,10.41,27.42,Low,Midday,Thursday,87,11/21/2023
Wakad,Hinjewadi,43.71,108.87,High,Midday,Monday,63,12/19/2023
Baner,Baner,30.84,56.86,High,Early Morning,Tuesday,25,1/5/2024
Kharadi,Hadapsar,40.66,87.1,Low,Evening,Wednesday,8,1/21/2024
Hinjewadi,Wakad,48.88,67.4,Medium,Midday,Thursday,42,2/5/2024
Baner,Kharadi,15.69,97.82,Medium,Morning,Monday,7,5/24/2024
Wakad,Shivajinagar,30.1,29.17,Medium,Midday,Thursday,70,10/26/2023
Viman Nagar,Hadapsar,34.04,95.52,Medium,Midday,Monday,11,3/6/2024
Kothrud,Wakad,43.8,95.12,High,Midday,Saturday,31,7/20/2024
Wakad,Wakad,21.42,66.31,Low,Early Morning,Monday,5,10/2/2024
Viman Nagar,Hadapsar,28.3,13.69,Low,Evening,Tuesday,23,5/5/2024
Viman Nagar,Baner,21.05,76.09,Medium,Morning,Wednesday,62,3/7/2024
Shivajinagar,Kothrud,3.53,45.69,High,Evening,Tuesday,56,2/12/2024
Kothrud,Kothrud,40.37,6.31,Medium,Early Morning,Friday,7,12/12/2023
Hinjewadi,Hinjewadi,43.81,93.74,High,Midday,Friday,86,3/24/2024
Hinjewadi,Kothrud,2.28,46.43,High,Morning,Wednesday,29,7/31/2024
Kothrud,Kothrud,49.72,54.53,High,Morning,Sunday,14,10/14/2024
Kothrud,Viman Nagar,37.88,97.54,Medium,Evening,Tuesday,77,3/2/2024
Hinjewadi,Wakad,17.07,26.51,High,Morning,Friday,66,3/16/2024
Baner,Hinjewadi,17.91,110.16,Low,Evening,Monday,99,8/24/2024
Kothrud,Kharadi,27.78,94.87,Low,Midday,Wednesday,68,1/8/2024
Viman Nagar,Kothrud,24.72,107.06,Low,Morning,Saturday,80,6/4/2024
Viman Nagar,Kothrud,9.65,101.38,High,Early Morning,Wednesday,75,3/22/2024
Hinjewadi,Viman Nagar,31.9,32.55,Low,Morning,Friday,45,8/6/2024
Baner,Kothrud,33.75,100.48,Low,Early Morning,Thursday,98,10/26/2023
Kothrud,Hadapsar,19.4,26.81,Medium,Early Morning,Saturday,37,2/4/2024
Shivajinagar,Shivajinagar,8.89,17.34,High,Morning,Sunday,42,2/28/2024
Wakad,Hinjewadi,14.21,31.64,High,Early Morning,Sunday,17,10/16/2024
Kothrud,Kharadi,11.53,52.94,Low,Early Morning,Friday,25,12/5/2023
Wakad,Baner,7.39,103.95,Low,Midday,Sunday,23,11/15/2023
Baner,Viman Nagar,29.35,42.89,Medium,Morning,Tuesday,86,9/12/2024
Shivajinagar,Hadapsar,38.34,80.7,High,Evening,Friday,32,11/9/2023
Baner,Shivajinagar,2.33,61.91,High,Evening,Saturday,12,7/24/2024
Kothrud,Wakad,4.71,67.56,High,Midday,Monday,26,1/9/2024
Hinjewadi,Wakad,23.84,39.83,Low,Morning,Sunday,96,7/2/2024
Hadapsar,Baner,33.53,34.75,Low,Midday,Tuesday,69,4/24/2024
Hinjewadi,Kothrud,12.54,15.14,Low,Evening,Friday,91,12/5/2023
Kothrud,Kharadi,24.31,96.75,Low,Midday,Monday,33,1/1/2024
Kothrud,Baner,23.36,9.62,High,Evening,Monday,38,9/1/2024
Shivajinagar,Hadapsar,46,7.57,High,Early Morning,Friday,39,2/3/2024
Baner,Wakad,44.95,51.53,Low,Early Morning,Saturday,9,2/5/2024
Viman Nagar,Kharadi,8.45,99.25,Low,Morning,Wednesday,33,12/25/2023
Wakad,Wakad,45.1,80.38,Medium,Midday,Friday,97,6/21/2024
Kharadi,Kharadi,18.44,7.9,High,Early Morning,Tuesday,97,4/29/2024
Wakad,Hadapsar,41.99,5.6,Medium,Early Morning,Saturday,75,11/22/2023
Kharadi,Viman Nagar,1.53,8.76,High,Midday,Friday,87,10/17/2024
Baner,Viman Nagar,39.39,37.7,Low,Evening,Friday,86,6/8/2024
Wakad,Hinjewadi,42.69,40.68,Medium,Morning,Friday,60,3/20/2024
Shivajinagar,Hinjewadi,5.25,102.56,Low,Early Morning,Friday,72,3/4/2024
Hinjewadi,Kothrud,30.11,20.54,High,Morning,Monday,85,8/31/2024
Kothrud,Baner,41.03,6.38,High,Morning,Tuesday,38,6/23/2024
Shivajinagar,Kharadi,37.48,62.37,Medium,Early Morning,Thursday,17,11/1/2023
Hadapsar,Baner,30.22,78.07,High,Morning,Saturday,55,2/8/2024
Hadapsar,Kharadi,45.17,38.7,Medium,Midday,Sunday,21,7/26/2024
Kharadi,Baner,24.53,77.03,Low,Early Morning,Saturday,54,9/22/2024
Baner,Viman Nagar,40.06,7.74,Medium,Early Morning,Monday,26,2/14/2024
Viman Nagar,Kothrud,48.47,46.98,High,Evening,Friday,22,8/26/2024
Shivajinagar,Kharadi,35.04,12.58,Low,Midday,Monday,47,4/23/2024
Hinjewadi,Wakad,48.51,109.82,High,Evening,Monday,9,4/11/2024
Baner,Kothrud,30.43,17.78,Low,Evening,Friday,30,10/17/2024
Wakad,Kothrud,39.24,102.95,Medium,Early Morning,Thursday,52,6/5/2024
Shivajinagar,Viman Nagar,2.78,82.14,Medium,Midday,Friday,89,6/23/2024
Kothrud,Viman Nagar,24.11,54.86,Medium,Morning,Sunday,72,9/17/2024
Hinjewadi,Wakad,21.31,117.28,Low,Evening,Sunday,27,1/2/2024
Baner,Viman Nagar,15.79,88.27,Medium,Early Morning,Thursday,83,6/22/2024
Baner,Shivajinagar,35.41,111.83,Medium,Early Morning,Sunday,62,6/30/2024
Wakad,Viman Nagar,11.85,118.96,Low,Morning,Wednesday,33,6/28/2024
Wakad,Wakad,43.98,53.18,Low,Morning,Sunday,17,7/16/2024
Wakad,Wakad,20.31,48.99,Medium,Midday,Thursday,47,4/9/2024
Kharadi,Kharadi,20.51,104.15,High,Morning,Sunday,52,9/16/2024
Hadapsar,Hadapsar,13.35,7.38,Medium,Evening,Sunday,53,6/14/2024
Viman Nagar,Kothrud,4.35,70.82,Low,Midday,Tuesday,89,6/13/2024
Kharadi,Viman Nagar,17.48,88.42,Medium,Midday,Wednesday,62,5/30/2024
Hinjewadi,Wakad,43.11,118.45,Medium,Midday,Sunday,42,4/21/2024
Kharadi,Viman Nagar,46.5,79.82,High,Early Morning,Saturday,54,6/21/2024
Kothrud,Baner,12.51,111.02,Medium,Midday,Saturday,62,2/9/2024
Kothrud,Viman Nagar,23.8,104.35,Medium,Morning,Saturday,23,7/7/2024
Baner,Viman Nagar,20.29,118.73,High,Early Morning,Monday,61,9/28/2024
Wakad,Kharadi,49.34,87.67,Medium,Evening,Sunday,47,7/30/2024
Kharadi,Kothrud,32.19,84.83,Medium,Evening,Thursday,8,6/3/2024
Viman Nagar,Wakad,19.25,93.29,Medium,Midday,Sunday,81,8/24/2024
Baner,Kharadi,8.41,98.74,High,Early Morning,Tuesday,24,5/17/2024
Baner,Baner,8.73,16.09,High,Early Morning,Sunday,89,8/15/2024
Viman Nagar,Kothrud,39.28,58.85,Medium,Evening,Friday,40,5/1/2024
Hadapsar,Baner,1.1,35.77,High,Morning,Monday,11,11/2/2023
Kothrud,Baner,40.43,60.46,Medium,Early Morning,Tuesday,74,5/15/2024
Baner,Hadapsar,32.5,13.23,Medium,Evening,Saturday,4,1/8/2024
Shivajinagar,Wakad,37.82,46.47,High,Early Morning,Friday,4,12/2/2023
Kharadi,Hadapsar,27.94,114,Medium,Midday,Wednesday,19,6/11/2024
Hadapsar,Baner,1.56,9.8,High,Early Morning,Thursday,63,5/17/2024
Kharadi,Baner,48.5,18.52,Medium,Midday,Monday,85,11/22/2023
Wakad,Viman Nagar,47.54,64.74,Medium,Evening,Tuesday,19,9/24/2024
Hadapsar,Shivajinagar,40.75,71,Low,Midday,Wednesday,58,2/21/2024
Hinjewadi,Hadapsar,28.66,86.05,Low,Evening,Friday,81,9/25/2024
Wakad,Kothrud,11.15,54.84,Medium,Early Morning,Tuesday,99,12/19/2023
Kharadi,Wakad,45.32,38.37,High,Midday,Wednesday,5,8/11/2024
Wakad,Kothrud,41.12,28.89,Low,Midday,Monday,7,4/15/2024
Shivajinagar,Hadapsar,7.04,44.09,High,Evening,Sunday,79,12/8/2023
Kothrud,Baner,33.39,51.22,Low,Early Morning,Monday,43,1/1/2024
Hadapsar,Shivajinagar,38.37,16.07,Medium,Evening,Friday,84,1/26/2024
Kothrud,Hadapsar,26.61,49.56,High,Evening,Tuesday,28,7/10/2024
Kothrud,Wakad,3.68,56.06,Medium,Evening,Monday,42,5/29/2024
Kharadi,Wakad,32.42,41.2,Medium,Early Morning,Thursday,78,5/16/2024
Kothrud,Wakad,47.16,10.58,Medium,Morning,Monday,21,10/21/2023
Baner,Kharadi,22.54,81.37,Medium,Evening,Saturday,79,11/15/2023
Kothrud,Viman Nagar,46.97,16.12,Low,Early Morning,Tuesday,45,10/14/2024
Baner,Shivajinagar,16.76,17.55,Medium,Morning,Monday,80,8/16/2024
Hadapsar,Wakad,49.09,20.5,High,Morning,Tuesday,74,5/14/2024
Wakad,Kothrud,3.12,23.89,High,Evening,Sunday,98,4/18/2024
Hadapsar,Kothrud,30.67,101.88,Medium,Morning,Tuesday,46,10/25/2023
Hadapsar,Wakad,33.19,35.24,Medium,Morning,Monday,65,9/29/2024
Baner,Hinjewadi,17.13,109.98,Low,Early Morning,Saturday,86,4/13/2024
Baner,Shivajinagar,6.27,115.91,Low,Midday,Monday,18,6/7/2024
Viman Nagar,Viman Nagar,34.37,18.41,Low,Early Morning,Wednesday,20,2/17/2024
Baner,Baner,23.02,109.62,Medium,Midday,Wednesday,94,12/28/2023
Hadapsar,Kharadi,44.21,63.6,Low,Evening,Wednesday,34,2/24/2024
Shivajinagar,Hinjewadi,40.9,77.52,Medium,Midday,Friday,44,4/17/2024
Wakad,Hadapsar,9.69,37.13,High,Early Morning,Wednesday,47,10/5/2024
Hadapsar,Kothrud,28.85,53.18,High,Morning,Saturday,3,8/25/2024
Kothrud,Hadapsar,32.66,98.58,Low,Midday,Friday,17,9/9/2024
Viman Nagar,Kharadi,5.58,32.42,High,Evening,Thursday,90,6/20/2024
Kothrud,Kothrud,35.12,79.84,Low,Evening,Thursday,57,6/9/2024
Kothrud,Baner,42.68,30.95,High,Early Morning,Sunday,92,3/23/2024
Shivajinagar,Hinjewadi,45.61,53.11,High,Midday,Monday,97,7/15/2024
Hinjewadi,Viman Nagar,3.5,51.92,High,Early Morning,Tuesday,7,7/17/2024
Viman Nagar,Kothrud,38.93,15.71,Low,Early Morning,Saturday,19,2/5/2024
Kharadi,Kothrud,30.15,45.49,Medium,Morning,Friday,23,6/27/2024
Viman Nagar,Kharadi,49.75,35.55,Medium,Early Morning,Friday,79,12/24/2023
Wakad,Viman Nagar,2.63,67.4,High,Early Morning,Tuesday,29,9/8/2024
Kothrud,Hadapsar,42.81,69.56,High,Early Morning,Thursday,85,11/5/2023
Kothrud,Hinjewadi,2.21,62.85,Low,Early Morning,Friday,22,3/20/2024
Viman Nagar,Wakad,41.4,71.59,Low,Early Morning,Friday,73,4/14/2024
Wakad,Kothrud,10.11,119.85,High,Early Morning,Saturday,86,9/17/2024
Hadapsar,Kharadi,21.49,24.57,Medium,Morning,Tuesday,69,4/6/2024
Kharadi,Hinjewadi,6.85,42.38,Medium,Evening,Saturday,20,1/29/2024
Kharadi,Shivajinagar,7.9,31.87,Medium,Early Morning,Monday,12,7/26/2024
Kothrud,Hinjewadi,5.62,18.55,High,Early Morning,Thursday,52,1/8/2024
Hinjewadi,Hadapsar,29.81,32.15,Medium,Early Morning,Tuesday,46,12/2/2023
Wakad,Hinjewadi,23.21,115.45,High,Morning,Saturday,44,1/14/2024
Wakad,Hinjewadi,7.53,68.83,Medium,Evening,Saturday,35,8/19/2024
Kothrud,Kharadi,39.58,14.22,Medium,Morning,Saturday,27,8/22/2024
Hinjewadi,Kothrud,32.31,21.9,Low,Morning,Sunday,44,3/6/2024
Shivajinagar,Hadapsar,3.63,96.24,Low,Morning,Saturday,63,8/24/2024
Baner,Shivajinagar,43.84,41.99,Low,Evening,Monday,9,7/1/2024
Hinjewadi,Hinjewadi,5.34,98.25,High,Early Morning,Sunday,65,6/18/2024
Hadapsar,Kothrud,8.68,81.35,Medium,Early Morning,Saturday,97,5/16/2024
Baner,Kharadi,42.04,42.25,Medium,Midday,Sunday,12,8/31/2024
Hadapsar,Kharadi,16.9,19.02,Low,Early Morning,Saturday,68,5/10/2024
Kharadi,Viman Nagar,6.58,58.47,High,Evening,Tuesday,38,6/17/2024
Viman Nagar,Baner,19.28,103.02,High,Early Morning,Monday,11,11/8/2023
Kothrud,Shivajinagar,31.24,98.57,Low,Evening,Thursday,84,5/17/2024
Kharadi,Kharadi,35.21,77.38,High,Early Morning,Sunday,95,4/4/2024
Wakad,Kharadi,29.72,41.15,Medium,Evening,Friday,83,4/24/2024
Hinjewadi,Kharadi,31.87,51.01,Medium,Midday,Monday,29,5/28/2024
Shivajinagar,Hinjewadi,32.16,26.26,High,Morning,Friday,47,9/26/2024
Kharadi,Baner,18.19,98.14,High,Midday,Monday,92,7/29/2024
Hadapsar,Kharadi,9.1,63.09,Low,Evening,Sunday,69,7/6/2024
Shivajinagar,Hinjewadi,42.08,73.4,High,Early Morning,Wednesday,10,11/2/2023
Kothrud,Baner,36.13,42.66,Medium,Early Morning,Friday,96,11/24/2023
Wakad,Hadapsar,13.39,91.86,Medium,Evening,Wednesday,70,8/1/2024
Kharadi,Hadapsar,8.21,44.08,High,Early Morning,Saturday,91,4/28/2024
Hinjewadi,Kothrud,36.29,62.9,Medium,Midday,Friday,18,11/15/2023
Hadapsar,Hinjewadi,45.25,103.24,High,Early Morning,Wednesday,86,6/8/2024
Baner,Hadapsar,27.3,70.01,High,Early Morning,Friday,45,1/21/2024
Baner,Kharadi,36.63,89.85,Low,Early Morning,Tuesday,38,9/6/2024
Shivajinagar,Shivajinagar,25.2,74.68,Low,Evening,Thursday,86,8/17/2024
Baner,Hadapsar,11.31,89.18,High,Midday,Saturday,83,8/28/2024
Kothrud,Shivajinagar,43.41,69.99,Low,Midday,Tuesday,53,1/26/2024
Hinjewadi,Kharadi,27.61,67.27,Low,Midday,Monday,46,3/14/2024
Kothrud,Shivajinagar,2.52,10.3,High,Morning,Thursday,26,9/21/2024
Baner,Baner,15.51,11.3,Low,Early Morning,Sunday,14,6/13/2024
Hadapsar,Shivajinagar,8.91,114.92,Low,Evening,Saturday,40,5/19/2024
Shivajinagar,Hinjewadi,25.17,113.2,High,Midday,Tuesday,3,1/6/2024
Baner,Baner,9.71,101.9,Low,Evening,Thursday,47,10/27/2023
Kharadi,Viman Nagar,47.65,58.22,Medium,Morning,Thursday,86,9/21/2024
Hadapsar,Viman Nagar,21.32,110.83,High,Midday,Thursday,98,2/11/2024
Wakad,Baner,30.55,7.75,High,Midday,Saturday,86,10/3/2024
Kharadi,Wakad,13,87.95,Medium,Evening,Tuesday,63,4/5/2024
Hinjewadi,Kharadi,22.75,117.45,High,Evening,Wednesday,28,8/20/2024
Viman Nagar,Wakad,37.81,111,Low,Midday,Friday,62,9/23/2024
Kharadi,Hinjewadi,46.08,19.18,Low,Midday,Sunday,7,8/19/2024
Kharadi,Kothrud,19.53,6.04,Low,Morning,Friday,39,4/4/2024
Hinjewadi,Wakad,35.68,9.09,Medium,Midday,Thursday,52,8/23/2024
Hinjewadi,Kharadi,38.64,95.16,High,Midday,Friday,51,2/22/2024
Viman Nagar,Baner,19.8,118.54,Medium,Morning,Monday,30,1/6/2024
Wakad,Kharadi,46.57,6.12,High,Evening,Sunday,41,6/2/2024
Wakad,Shivajinagar,6.58,61.24,High,Midday,Friday,12,3/5/2024
Viman Nagar,Kharadi,6.41,84.07,Medium,Evening,Sunday,25,12/5/2023
Baner,Shivajinagar,21.94,85.14,Medium,Midday,Thursday,36,8/16/2024
Wakad,Kothrud,19.24,62.42,Medium,Midday,Wednesday,90,2/27/2024
Shivajinagar,Shivajinagar,5.02,49.6,Low,Morning,Sunday,89,5/12/2024
Hinjewadi,Kothrud,45.71,99.48,High,Evening,Monday,4,9/8/2024
Hadapsar,Hadapsar,8.3,65.09,Medium,Morning,Friday,75,2/11/2024
Viman Nagar,Viman Nagar,42.07,117.39,Medium,Morning,Tuesday,10,3/5/2024
Hadapsar,Kothrud,23.22,35.44,Medium,Early Morning,Thursday,22,10/12/2024
Shivajinagar,Hinjewadi,31.79,46.67,Low,Midday,Tuesday,90,6/17/2024
Kharadi,Hadapsar,40.71,103.82,Low,Early Morning,Saturday,84,6/11/2024
Viman Nagar,Kothrud,4.34,83.56,Low,Morning,Thursday,92,10/31/2023
Wakad,Baner,42.4,79.51,Medium,Early Morning,Monday,73,3/26/2024
Hadapsar,Kothrud,30.26,24.46,Low,Morning,Saturday,16,8/19/2024
Kharadi,Hadapsar,14.92,115.04,High,Midday,Thursday,57,6/27/2024
Hadapsar,Kothrud,7.85,8.83,Low,Evening,Saturday,87,9/24/2024
Wakad,Shivajinagar,44.08,50.39,Low,Morning,Tuesday,53,11/16/2023
Hinjewadi,Kothrud,5.93,24.02,Medium,Early Morning,Sunday,52,5/18/2024
Viman Nagar,Kharadi,46.14,67.9,High,Midday,Friday,10,5/26/2024
Viman Nagar,Shivajinagar,23.17,19.32,Medium,Morning,Wednesday,69,11/7/2023
Wakad,Shivajinagar,42.37,16.62,High,Morning,Saturday,45,4/30/2024
Wakad,Kothrud,10.39,25.92,Medium,Early Morning,Monday,62,12/10/2023
Wakad,Hadapsar,32.59,86.32,High,Early Morning,Wednesday,33,6/8/2024
Shivajinagar,Kharadi,11.35,27.69,Medium,Midday,Sunday,8,7/17/2024
Shivajinagar,Baner,13.45,54.53,High,Morning,Wednesday,24,8/19/2024
Shivajinagar,Hadapsar,41.27,109.78,Low,Early Morning,Sunday,83,12/4/2023
Shivajinagar,Shivajinagar,5.99,21.36,Low,Evening,Friday,58,1/18/2024
Kharadi,Kothrud,26.94,31.4,High,Early Morning,Wednesday,41,4/15/2024
Viman Nagar,Shivajinagar,21.01,102.45,High,Early Morning,Monday,53,10/29/2023
Baner,Kharadi,32.38,31.04,Medium,Early Morning,Thursday,82,11/24/2023
Shivajinagar,Shivajinagar,15.84,6.63,Medium,Early Morning,Sunday,42,8/25/2024
Viman Nagar,Hinjewadi,12.74,68.04,Low,Midday,Friday,29,10/1/2024
Kothrud,Kharadi,31.39,43.83,High,Evening,Monday,37,3/2/2024
Baner,Hadapsar,16.73,119.08,Medium,Morning,Friday,91,3/6/2024
Hadapsar,Shivajinagar,32.64,61.47,High,Early Morning,Wednesday,98,4/28/2024
Hinjewadi,Shivajinagar,8.08,36.79,Medium,Morning,Monday,44,2/18/2024
Viman Nagar,Viman Nagar,24.86,99.65,High,Midday,Tuesday,32,1/12/2024
Kothrud,Kothrud,8.21,11.73,Medium,Midday,Saturday,6,10/6/2024
Viman Nagar,Baner,22.85,71.65,High,Early Morning,Saturday,85,3/2/2024
Kharadi,Kharadi,22.38,49.66,High,Midday,Thursday,1,10/29/2023
Wakad,Baner,9.83,99.17,Medium,Early Morning,Monday,80,10/7/2024
Wakad,Hadapsar,13.89,85.67,Low,Evening,Wednesday,66,10/30/2023
Shivajinagar,Shivajinagar,15.03,106.62,Low,Early Morning,Friday,65,9/28/2024
Baner,Wakad,46.19,29.09,Medium,Early Morning,Monday,72,4/4/2024
Baner,Wakad,26.44,59.34,Low,Morning,Saturday,97,3/23/2024
Hadapsar,Kharadi,7.25,13.25,Medium,Early Morning,Saturday,43,11/18/2023
Hadapsar,Viman Nagar,11.3,11.47,Medium,Morning,Tuesday,81,1/21/2024
Hinjewadi,Viman Nagar,28.07,56.38,Low,Early Morning,Wednesday,17,6/1/2024
Viman Nagar,Hadapsar,22.51,71.55,Low,Midday,Monday,18,5/30/2024
Hadapsar,Hadapsar,47.81,100.83,Medium,Morning,Monday,61,3/12/2024
Baner,Kothrud,22.47,49.14,Medium,Early Morning,Monday,47,5/27/2024
Baner,Viman Nagar,44.46,104.93,Low,Morning,Friday,72,10/20/2023
Shivajinagar,Viman Nagar,11.94,32.35,Low,Morning,Monday,55,3/26/2024
Baner,Wakad,14.88,30.94,Low,Early Morning,Sunday,35,3/28/2024
Viman Nagar,Baner,43.91,94.35,Low,Evening,Thursday,70,1/13/2024
Kothrud,Viman Nagar,19.54,19.57,Low,Morning,Tuesday,94,10/16/2024
Baner,Hadapsar,19.84,59.31,Low,Midday,Tuesday,91,8/9/2024
Hinjewadi,Hadapsar,21.71,28.97,High,Early Morning,Friday,39,11/25/2023
Wakad,Shivajinagar,20.05,84.28,High,Morning,Saturday,13,7/26/2024
Baner,Hinjewadi,13.92,56.12,Medium,Morning,Tuesday,99,6/30/2024
Kharadi,Kothrud,28.3,9.07,Low,Early Morning,Monday,42,4/19/2024
Wakad,Kothrud,33.41,91.88,Medium,Morning,Sunday,2,1/25/2024
Hinjewadi,Kharadi,41.04,64.42,High,Morning,Thursday,46,9/5/2024
Wakad,Kharadi,24.18,22.1,High,Evening,Monday,73,2/26/2024
Shivajinagar,Shivajinagar,1.94,23.76,High,Morning,Thursday,68,4/18/2024
Wakad,Shivajinagar,10.59,115.06,Medium,Morning,Wednesday,90,11/30/2023
Hadapsar,Hinjewadi,38.24,26.37,High,Early Morning,Monday,32,2/24/2024
Viman Nagar,Viman Nagar,46.09,64.37,Medium,Evening,Tuesday,53,1/6/2024
Shivajinagar,Viman Nagar,22.23,21.05,High,Morning,Tuesday,22,4/15/2024
Viman Nagar,Viman Nagar,24.07,67.5,High,Evening,Saturday,78,12/31/2023
Hinjewadi,Baner,41.15,29.93,Low,Morning,Tuesday,1,5/1/2024
Baner,Hadapsar,20.37,16.48,Medium,Early Morning,Sunday,13,7/31/2024
Viman Nagar,Hinjewadi,39.32,80.62,High,Midday,Thursday,86,1/21/2024
Shivajinagar,Viman Nagar,13.79,11.41,Low,Morning,Saturday,42,3/31/2024
Wakad,Hadapsar,8.01,9,Low,Early Morning,Monday,99,11/18/2023
Baner,Baner,31.59,79.44,Medium,Evening,Thursday,80,8/21/2024
Kothrud,Viman Nagar,41.36,107.95,Medium,Evening,Tuesday,28,11/4/2023
Hinjewadi,Hinjewadi,22.79,66.3,Low,Early Morning,Thursday,34,5/14/2024
Kharadi,Baner,9.08,7.62,Low,Morning,Thursday,94,10/14/2024
Shivajinagar,Kharadi,46.42,87.31,High,Morning,Thursday,39,10/7/2024
Hadapsar,Baner,38.67,19.91,Low,Early Morning,Thursday,78,1/21/2024
Kharadi,Shivajinagar,18.67,61.09,Low,Midday,Thursday,37,8/16/2024
Viman Nagar,Viman Nagar,19.15,60.56,Low,Midday,Monday,79,3/24/2024
Hadapsar,Kharadi,45.61,83.25,Medium,Morning,Sunday,50,11/2/2023
Kothrud,Shivajinagar,3.99,102.41,Low,Morning,Saturday,97,2/22/2024
Shivajinagar,Kharadi,46.34,32.19,Medium,Early Morning,Thursday,96,12/2/2023
Kharadi,Hadapsar,28.36,75.06,Low,Midday,Thursday,91,8/7/2024
Viman Nagar,Viman Nagar,44.8,103.77,High,Midday,Tuesday,67,9/28/2024
Wakad,Shivajinagar,18.85,19.15,Low,Midday,Thursday,87,4/28/2024
Kothrud,Kharadi,13.78,104.51,High,Evening,Sunday,47,2/12/2024
Shivajinagar,Wakad,18.82,29.42,Medium,Evening,Tuesday,34,4/22/2024
Wakad,Kothrud,27.04,39.59,Low,Morning,Thursday,75,5/21/2024
Shivajinagar,Hinjewadi,11.2,43.79,Medium,Morning,Sunday,34,3/2/2024
Viman Nagar,Kharadi,33.9,47.51,High,Morning,Tuesday,1,3/16/2024
Shivajinagar,Viman Nagar,29.82,65.21,Medium,Early Morning,Monday,55,11/21/2023
Baner,Hadapsar,10.73,18.68,Low,Early Morning,Tuesday,56,12/26/2023
Hinjewadi,Wakad,26.48,49.62,High,Morning,Wednesday,19,4/12/2024
Kharadi,Wakad,47.32,22.18,Medium,Evening,Saturday,22,9/4/2024
Viman Nagar,Kothrud,49.27,21.3,Medium,Morning,Saturday,34,4/20/2024
Baner,Kothrud,15.94,80.25,High,Midday,Tuesday,58,1/1/2024
Kharadi,Viman Nagar,36.4,100.64,Low,Evening,Tuesday,97,9/23/2024
Baner,Kothrud,33.4,84.82,High,Early Morning,Friday,30,2/4/2024
Baner,Kothrud,23.68,92.05,Medium,Midday,Thursday,20,6/16/2024
Kharadi,Shivajinagar,14.15,98.56,Low,Early Morning,Wednesday,87,8/1/2024
Baner,Kothrud,49.12,10.96,Low,Early Morning,Sunday,53,2/20/2024
Shivajinagar,Viman Nagar,17.07,99.47,Low,Early Morning,Saturday,66,1/17/2024
Shivajinagar,Kharadi,11.6,55.87,Low,Morning,Sunday,20,5/19/2024
Baner,Wakad,28.51,83.01,Medium,Early Morning,Friday,28,5/19/2024
Kharadi,Kothrud,29.82,84.69,Medium,Evening,Monday,1,3/23/2024
Wakad,Hadapsar,1.53,118.69,Low,Midday,Wednesday,16,8/1/2024
Viman Nagar,Kothrud,21.11,10.78,Low,Midday,Wednesday,9,2/1/2024
Shivajinagar,Kharadi,5.73,32.72,Low,Midday,Sunday,8,8/10/2024
Viman Nagar,Shivajinagar,42.51,79.55,Medium,Midday,Saturday,30,7/18/2024
Shivajinagar,Kothrud,6.93,68.8,Medium,Morning,Tuesday,42,8/22/2024
Hinjewadi,Wakad,31.07,116.63,Medium,Midday,Sunday,43,7/17/2024
Shivajinagar,Baner,13.84,34.82,High,Evening,Wednesday,69,9/9/2024
Kothrud,Viman Nagar,37.95,9.44,High,Morning,Monday,59,2/20/2024
Viman Nagar,Hadapsar,24.6,40.88,High,Midday,Monday,47,5/18/2024
Kharadi,Kothrud,21.55,66.46,High,Evening,Wednesday,18,5/23/2024
Kharadi,Kothrud,29.57,7.69,High,Midday,Monday,94,9/29/2024
Shivajinagar,Wakad,32.91,58.95,Low,Early Morning,Wednesday,84,6/19/2024
Kothrud,Shivajinagar,14.83,51.62,Medium,Morning,Monday,55,1/25/2024
Viman Nagar,Viman Nagar,38.39,34.06,Low,Evening,Saturday,68,5/7/2024
Baner,Kharadi,43.9,69.35,Medium,Morning,Sunday,88,10/12/2024
Kharadi,Hinjewadi,12.59,17.05,Medium,Early Morning,Friday,51,12/20/2023
Kharadi,Kharadi,34.63,22.05,Medium,Early Morning,Friday,41,5/9/2024
Viman Nagar,Hinjewadi,35.88,29.74,High,Early Morning,Sunday,73,8/12/2024
Hadapsar,Kothrud,3.22,62.51,High,Early Morning,Thursday,48,1/27/2024
Baner,Wakad,23.36,15.07,Low,Early Morning,Friday,1,6/6/2024
Hadapsar,Viman Nagar,47.64,17.22,Low,Midday,Saturday,3,10/19/2024
Kharadi,Viman Nagar,31.53,58.14,Low,Midday,Thursday,27,5/19/2024
Shivajinagar,Viman Nagar,30.09,105.24,Medium,Morning,Saturday,97,11/28/2023
Shivajinagar,Shivajinagar,42.45,71.86,Low,Early Morning,Tuesday,59,5/8/2024
Hinjewadi,Hadapsar,22.3,37.39,Medium,Evening,Friday,70,9/4/2024
Baner,Kothrud,9.9,79.77,Medium,Morning,Saturday,72,9/19/2024
Hinjewadi,Hinjewadi,23.75,113.69,Low,Morning,Tuesday,31,9/25/2024
Shivajinagar,Wakad,28.64,48.06,High,Early Morning,Thursday,67,12/28/2023
Viman Nagar,Kothrud,44.43,20.53,Low,Early Morning,Friday,56,12/19/2023
Wakad,Kothrud,10.84,46.84,Medium,Early Morning,Wednesday,86,9/18/2024
Shivajinagar,Kharadi,35.7,52.9,Low,Midday,Thursday,95,12/6/2023
Hinjewadi,Shivajinagar,17.85,113.13,Medium,Morning,Tuesday,45,6/24/2024
Baner,Hadapsar,47.56,119.24,Low,Morning,Saturday,67,12/10/2023
Wakad,Hinjewadi,21.53,90.42,High,Midday,Thursday,37,1/31/2024
Shivajinagar,Viman Nagar,13.12,65.19,Low,Early Morning,Monday,51,3/5/2024
Baner,Wakad,22.3,118.15,High,Morning,Sunday,89,3/24/2024
Baner,Wakad,42.81,89.76,High,Evening,Wednesday,62,10/27/2023
Kothrud,Hadapsar,19.19,112.3,Medium,Evening,Sunday,95,2/20/2024
Hadapsar,Wakad,17.66,110.58,Low,Early Morning,Sunday,38,4/8/2024
Shivajinagar,Viman Nagar,47.52,67.87,High,Midday,Saturday,31,2/20/2024
Wakad,Viman Nagar,25.75,76.37,Medium,Early Morning,Monday,83,7/18/2024
Hinjewadi,Hinjewadi,34.95,20.17,High,Morning,Tuesday,45,1/12/2024
Kharadi,Viman Nagar,27.17,75.53,Low,Midday,Saturday,37,7/25/2024
Viman Nagar,Wakad,48.47,75.25,High,Midday,Tuesday,97,3/14/2024
Hadapsar,Shivajinagar,22.41,87.8,High,Morning,Monday,40,10/26/2023
Kharadi,Hinjewadi,44.1,17.19,Medium,Morning,Friday,24,11/10/2023
Wakad,Baner,2.2,12.79,High,Early Morning,Saturday,12,8/22/2024
Hinjewadi,Baner,28.1,54.43,Medium,Midday,Tuesday,76,2/5/2024
Hinjewadi,Kharadi,34.77,12.66,Low,Evening,Tuesday,21,8/30/2024
Shivajinagar,Kothrud,41.62,74.9,Low,Evening,Friday,41,5/3/2024
Wakad,Baner,3,38.49,Medium,Midday,Thursday,90,1/25/2024
Hinjewadi,Kothrud,21.95,70.59,High,Early Morning,Thursday,31,11/28/2023
Shivajinagar,Wakad,26.76,105.82,Medium,Midday,Saturday,24,1/3/2024
Hadapsar,Shivajinagar,17.29,34.51,Medium,Morning,Saturday,1,1/30/2024
Kothrud,Shivajinagar,13.85,55.84,High,Evening,Monday,70,3/31/2024
Wakad,Baner,22.05,67.18,Low,Midday,Wednesday,31,4/4/2024
Hadapsar,Kharadi,35.35,44.01,High,Early Morning,Friday,34,5/3/2024
Wakad,Wakad,3.79,36.4,Low,Morning,Monday,98,12/26/2023
Hadapsar,Viman Nagar,40.94,57.26,High,Evening,Saturday,71,12/8/2023
Kharadi,Kharadi,42.08,88.49,High,Midday,Wednesday,32,9/17/2024
Viman Nagar,Wakad,46.28,119.53,High,Evening,Thursday,54,1/6/2024
Hadapsar,Kharadi,22.82,110.56,Medium,Morning,Wednesday,81,11/3/2023
Kharadi,Shivajinagar,42.89,102.31,High,Midday,Thursday,49,7/31/2024
Hadapsar,Baner,40.2,25.39,Medium,Evening,Saturday,2,8/7/2024
Viman Nagar,Hinjewadi,49.84,106.19,Medium,Midday,Thursday,59,6/3/2024
Wakad,Hinjewadi,49.71,119.34,Low,Evening,Saturday,99,1/20/2024
Hinjewadi,Wakad,28.86,44.01,Medium,Early Morning,Wednesday,84,12/9/2023
Shivajinagar,Baner,39.77,111.16,High,Morning,Thursday,9,2/28/2024
Wakad,Shivajinagar,48.93,40.13,High,Evening,Sunday,72,11/29/2023
Hinjewadi,Shivajinagar,45.69,79.14,High,Early Morning,Saturday,9,2/6/2024
Hinjewadi,Baner,32.23,15.33,High,Early Morning,Monday,42,10/31/2023
Wakad,Hadapsar,6.12,10.89,Medium,Evening,Monday,46,10/30/2023
Hinjewadi,Kharadi,11.85,73.93,Low,Midday,Friday,7,9/13/2024
Hinjewadi,Wakad,31.82,38.96,High,Evening,Wednesday,62,2/15/2024
Viman Nagar,Baner,45.31,81.87,High,Morning,Tuesday,89,11/12/2023
Shivajinagar,Wakad,25.43,47.45,Low,Morning,Sunday,71,10/8/2024
Hadapsar,Kharadi,20.28,35.31,Low,Midday,Friday,34,3/6/2024
Wakad,Kothrud,34.39,64.46,Low,Midday,Friday,79,9/6/2024
Kharadi,Viman Nagar,43.96,80.79,High,Midday,Wednesday,59,5/28/2024
Hinjewadi,Viman Nagar,24.87,18.88,Low,Morning,Thursday,91,9/13/2024
Hadapsar,Kharadi,6.81,100.58,High,Midday,Thursday,81,1/31/2024
Shivajinagar,Wakad,11.13,8.4,Medium,Morning,Wednesday,41,3/28/2024
Kharadi,Hinjewadi,26.7,53.72,Low,Early Morning,Tuesday,11,2/6/2024
Kharadi,Baner,12.55,58.84,High,Morning,Wednesday,40,9/21/2024
Wakad,Baner,24.62,51.73,High,Early Morning,Thursday,56,1/6/2024
Baner,Shivajinagar,20.58,32.26,High,Early Morning,Saturday,68,5/12/2024
Kharadi,Baner,23.47,89.95,Medium,Midday,Monday,93,5/27/2024
Viman Nagar,Kharadi,21.93,29.17,High,Morning,Sunday,25,12/1/2023
Kothrud,Hadapsar,41.08,84.37,Low,Midday,Saturday,71,8/20/2024
Baner,Baner,20.75,109.5,Medium,Evening,Thursday,28,10/17/2024
Shivajinagar,Shivajinagar,40.09,95.62,Low,Midday,Monday,29,1/24/2024
Wakad,Shivajinagar,10.41,92.65,High,Early Morning,Sunday,44,2/27/2024
Kharadi,Baner,42.18,101.71,Low,Morning,Friday,23,3/17/2024
Hadapsar,Viman Nagar,43.38,40.8,Low,Early Morning,Sunday,84,2/8/2024
Hinjewadi,Viman Nagar,12.72,107.71,Low,Midday,Monday,96,7/6/2024
Kothrud,Kharadi,8.87,103.07,Low,Evening,Wednesday,49,11/28/2023
Shivajinagar,Wakad,49.63,39.26,Low,Morning,Thursday,56,12/4/2023
Hadapsar,Baner,1.81,52.75,High,Midday,Tuesday,98,5/13/2024
Kharadi,Kothrud,34.48,52.6,Low,Early Morning,Sunday,58,11/3/2023
Wakad,Kharadi,7.37,14.86,Medium,Evening,Friday,37,10/10/2024
Wakad,Viman Nagar,9.67,70.52,Low,Morning,Friday,1,11/6/2023
Kothrud,Hinjewadi,35.83,104.43,Medium,Early Morning,Thursday,47,7/16/2024
Kharadi,Wakad,23.62,22.51,High,Early Morning,Wednesday,53,6/30/2024
Kharadi,Hinjewadi,35.83,107.97,High,Morning,Friday,59,9/9/2024
Viman Nagar,Kothrud,44.09,108.52,High,Midday,Wednesday,40,3/30/2024
Kothrud,Wakad,13.73,114.94,Low,Morning,Monday,28,12/15/2023
Kothrud,Hinjewadi,14.82,38.48,High,Early Morning,Saturday,19,11/4/2023
Hadapsar,Wakad,48.74,54.22,High,Morning,Tuesday,73,2/8/2024
Wakad,Wakad,28.02,21.57,Low,Morning,Sunday,91,6/3/2024
Kothrud,Kharadi,21.85,92.11,High,Morning,Tuesday,13,7/20/2024
Hinjewadi,Wakad,23.86,22.97,Medium,Early Morning,Friday,71,8/5/2024
Hinjewadi,Hinjewadi,33.21,28.1,Low,Early Morning,Sunday,88,8/4/2024
Wakad,Kothrud,44.79,16.11,High,Early Morning,Wednesday,43,4/8/2024
Hinjewadi,Hadapsar,2.97,73.51,Medium,Early Morning,Tuesday,8,8/19/2024
Baner,Hinjewadi,35.6,91.04,Medium,Midday,Thursday,55,9/29/2024
Hinjewadi,Kharadi,33.89,55.02,High,Evening,Saturday,92,1/10/2024
Wakad,Viman Nagar,18.61,91.39,Low,Evening,Thursday,40,3/11/2024
Shivajinagar,Hinjewadi,5.2,99.49,Low,Midday,Friday,23,9/9/2024
Hinjewadi,Hadapsar,49.11,78.44,Medium,Morning,Thursday,60,12/25/2023
Baner,Viman Nagar,37.19,18.94,High,Midday,Friday,61,6/23/2024
Baner,Hinjewadi,29.28,9.64,Low,Early Morning,Monday,82,12/3/2023
Baner,Hadapsar,17.55,31.09,Medium,Evening,Sunday,6,8/31/2024
Wakad,Shivajinagar,27.5,71.92,Low,Morning,Monday,3,6/15/2024
Kharadi,Kothrud,15.54,14.97,Low,Early Morning,Monday,79,4/29/2024
Hadapsar,Hinjewadi,39.93,45.84,Medium,Early Morning,Sunday,42,11/21/2023
Hadapsar,Hadapsar,6.53,19.19,Low,Morning,Saturday,19,8/27/2024
Kothrud,Kharadi,49.37,94.17,Low,Early Morning,Friday,25,4/7/2024
Kothrud,Kothrud,38.38,70.94,Medium,Evening,Saturday,14,11/30/2023
Kharadi,Hadapsar,1.86,30.02,Low,Evening,Saturday,89,9/27/2024
Shivajinagar,Shivajinagar,43.35,63.3,Medium,Morning,Thursday,71,6/8/2024
Viman Nagar,Shivajinagar,27.65,12.56,Medium,Midday,Sunday,71,9/14/2024
Hinjewadi,Hadapsar,39.86,29.45,High,Early Morning,Wednesday,8,5/18/2024
Kharadi,Kharadi,17.26,96.22,High,Morning,Thursday,56,6/16/2024
Viman Nagar,Hinjewadi,34,91.06,Low,Early Morning,Wednesday,92,7/31/2024
Kharadi,Shivajinagar,40.18,29.64,Low,Midday,Thursday,48,7/18/2024
Hinjewadi,Shivajinagar,27.26,90.71,Medium,Midday,Friday,24,7/26/2024
Shivajinagar,Baner,18.84,32.03,Medium,Early Morning,Wednesday,37,8/25/2024
Kharadi,Kothrud,25.72,30.58,High,Early Morning,Saturday,27,1/9/2024
Shivajinagar,Kothrud,23.13,83.14,High,Early Morning,Monday,79,2/22/2024
Wakad,Kothrud,35.34,101.15,Low,Early Morning,Thursday,64,5/20/2024
Hinjewadi,Kothrud,4.56,20.59,High,Morning,Wednesday,23,4/2/2024
Hinjewadi,Wakad,18.17,73.34,Low,Early Morning,Saturday,74,11/12/2023
Hinjewadi,Hinjewadi,8.07,82.5,Low,Morning,Saturday,73,11/3/2023
Hinjewadi,Kothrud,21.77,22.61,Medium,Midday,Friday,75,7/28/2024
Baner,Baner,19.57,99.12,Low,Early Morning,Wednesday,22,5/18/2024
Kharadi,Kothrud,42.03,117.09,Low,Midday,Friday,68,2/6/2024
Wakad,Kothrud,17.01,61.92,Medium,Evening,Saturday,94,8/28/2024
Wakad,Viman Nagar,47.13,60.75,High,Early Morning,Monday,41,5/28/2024
Wakad,Kharadi,13.05,51.18,Medium,Morning,Friday,94,7/1/2024
Kothrud,Hadapsar,8.79,67.67,Low,Morning,Friday,30,6/24/2024
Hinjewadi,Hinjewadi,9.46,9.86,High,Midday,Sunday,83,10/5/2024
Wakad,Baner,11.73,38.83,Low,Evening,Tuesday,81,7/2/2024
Hinjewadi,Wakad,10,67.66,High,Midday,Saturday,49,1/30/2024
Shivajinagar,Kharadi,20.5,49.28,Medium,Evening,Monday,85,1/26/2024
Kharadi,Kharadi,2.67,84.4,Medium,Evening,Tuesday,91,3/6/2024
Kharadi,Hinjewadi,21.31,12.47,Low,Evening,Thursday,81,6/28/2024
Wakad,Hadapsar,37.78,74.35,Medium,Morning,Monday,58,7/12/2024
Baner,Hadapsar,28.46,17.43,Low,Morning,Sunday,24,7/9/2024
Viman Nagar,Shivajinagar,21.47,48.76,Low,Evening,Wednesday,95,9/18/2024
Kharadi,Hinjewadi,13.84,30,High,Evening,Monday,9,11/1/2023
Hadapsar,Kothrud,31.92,31.18,Low,Midday,Thursday,3,10/15/2024
Shivajinagar,Wakad,26.74,103.5,High,Evening,Tuesday,83,11/18/2023
Baner,Shivajinagar,45.18,45.93,Low,Evening,Tuesday,9,12/22/2023
Wakad,Wakad,15.52,7.73,Low,Morning,Monday,16,2/14/2024
Shivajinagar,Shivajinagar,26.42,98.11,High,Evening,Wednesday,74,7/12/2024
Baner,Hinjewadi,38.76,14.2,Low,Midday,Saturday,58,3/25/2024
Wakad,Baner,5.84,10.42,Medium,Evening,Thursday,97,9/6/2024
Hadapsar,Baner,41.06,59.74,High,Morning,Tuesday,8,12/25/2023
Hadapsar,Kharadi,5.6,87.24,Low,Evening,Tuesday,25,9/17/2024
Viman Nagar,Baner,23.06,101.71,Medium,Midday,Monday,24,8/20/2024
Wakad,Kharadi,21.31,99.01,Medium,Morning,Thursday,9,6/5/2024
Baner,Baner,28.97,111.2,Medium,Evening,Thursday,90,3/14/2024
Baner,Shivajinagar,16.81,7.78,High,Morning,Sunday,35,11/3/2023
Hinjewadi,Kharadi,30.46,5.94,Medium,Evening,Sunday,3,5/2/2024
Kharadi,Viman Nagar,13.26,107.91,High,Evening,Saturday,41,2/24/2024
Hadapsar,Viman Nagar,33.82,80.81,High,Early Morning,Saturday,98,3/1/2024
Baner,Kothrud,44.59,72.83,Medium,Morning,Tuesday,63,12/19/2023
Viman Nagar,Wakad,28.79,7.73,Low,Early Morning,Friday,31,12/15/2023
Hinjewadi,Baner,12.87,107.68,Medium,Evening,Sunday,57,8/2/2024
Wakad,Kharadi,43.62,20.7,High,Midday,Sunday,63,9/11/2024
Baner,Hadapsar,47.35,101.85,Low,Midday,Saturday,13,6/20/2024
Viman Nagar,Wakad,28.53,28.96,Low,Evening,Friday,38,9/15/2024
Kharadi,Kharadi,2.95,59.25,Medium,Midday,Tuesday,18,5/12/2024
Wakad,Hadapsar,40.63,16.97,High,Midday,Monday,68,10/3/2024
Hadapsar,Viman Nagar,23.54,87.88,High,Midday,Sunday,19,8/31/2024
Baner,Baner,31.41,30.17,Low,Evening,Friday,84,4/16/2024
Kothrud,Wakad,34.77,108.03,Low,Morning,Wednesday,23,2/2/2024
Kothrud,Hadapsar,27.21,26.74,High,Midday,Saturday,95,7/7/2024
Wakad,Kothrud,15.57,47.27,Low,Midday,Monday,26,9/2/2024
Kothrud,Baner,4.85,35.82,Low,Early Morning,Monday,62,8/30/2024
Hinjewadi,Hinjewadi,13.48,13.16,Low,Morning,Tuesday,57,1/14/2024
Hadapsar,Hinjewadi,40.11,71.8,Medium,Evening,Thursday,75,9/8/2024
Kharadi,Kothrud,19.71,71.15,High,Early Morning,Sunday,35,1/23/2024
Hinjewadi,Viman Nagar,5.77,78.24,Low,Early Morning,Thursday,17,12/10/2023
Hinjewadi,Wakad,38.97,57.49,High,Evening,Sunday,83,10/14/2024
Kothrud,Wakad,18.28,54.37,Low,Early Morning,Monday,45,3/29/2024
Hinjewadi,Kharadi,2.68,109.25,Medium,Morning,Wednesday,94,11/9/2023
Hinjewadi,Shivajinagar,18.24,63.47,Medium,Morning,Tuesday,79,4/10/2024
Wakad,Wakad,32.41,20.25,Low,Morning,Sunday,29,1/7/2024
Kothrud,Wakad,35.81,39.57,Medium,Midday,Wednesday,30,7/3/2024
Hinjewadi,Shivajinagar,3.49,20,High,Midday,Saturday,93,12/11/2023
Viman Nagar,Kothrud,10.67,24.93,Low,Morning,Wednesday,33,4/10/2024
Hinjewadi,Hinjewadi,3.38,33.3,Low,Evening,Sunday,51,5/21/2024
Hadapsar,Kothrud,16.42,94.54,High,Early Morning,Saturday,16,4/18/2024
Kharadi,Wakad,19.63,77.43,Low,Midday,Sunday,84,9/4/2024
Hinjewadi,Kothrud,46.79,66.51,High,Evening,Monday,43,10/5/2024
Viman Nagar,Kharadi,15.97,83.77,High,Midday,Tuesday,55,8/10/2024
Wakad,Wakad,18.89,62.18,High,Morning,Tuesday,19,10/13/2024
Hadapsar,Kharadi,36.02,96.4,Medium,Early Morning,Thursday,97,6/7/2024
Baner,Viman Nagar,24.65,76.66,Medium,Midday,Sunday,44,12/3/2023
Viman Nagar,Wakad,4.24,42.72,High,Morning,Monday,39,7/25/2024
Shivajinagar,Shivajinagar,49.63,76.39,High,Morning,Sunday,96,2/17/2024
Kothrud,Hinjewadi,13.49,113.32,High,Midday,Tuesday,46,9/26/2024
Baner,Baner,30.1,99.66,Low,Midday,Monday,22,5/3/2024
Wakad,Baner,24.71,109.77,High,Evening,Thursday,6,9/12/2024
Kothrud,Shivajinagar,28.48,19.41,Low,Morning,Tuesday,85,2/3/2024
Hadapsar,Hinjewadi,27.1,89.51,High,Early Morning,Saturday,47,10/1/2024
Wakad,Shivajinagar,17.47,60.94,High,Early Morning,Saturday,66,8/15/2024
Hadapsar,Wakad,19.74,31.28,Low,Morning,Wednesday,55,7/19/2024
Viman Nagar,Wakad,49.53,78.26,High,Evening,Sunday,8,11/1/2023
Wakad,Wakad,17.68,114.93,High,Evening,Wednesday,88,1/20/2024
Kothrud,Wakad,30.28,23.21,Medium,Midday,Sunday,86,9/4/2024
Hinjewadi,Baner,10.61,89.42,High,Morning,Friday,59,7/17/2024
Viman Nagar,Baner,20.07,38.19,High,Morning,Wednesday,30,1/1/2024
Hinjewadi,Kharadi,10.98,115.89,Medium,Midday,Saturday,79,7/14/2024
Kothrud,Hadapsar,22.14,97.87,Medium,Midday,Saturday,99,1/11/2024
Baner,Baner,29.27,89.78,Medium,Early Morning,Friday,11,6/9/2024
Hinjewadi,Viman Nagar,24.87,114.78,Low,Early Morning,Monday,38,4/30/2024
Baner,Shivajinagar,19.84,105.96,Low,Morning,Wednesday,15,8/21/2024
Hinjewadi,Kharadi,20.26,40.01,Medium,Early Morning,Tuesday,32,9/27/2024
Hinjewadi,Viman Nagar,23.37,44.92,Low,Early Morning,Thursday,94,3/14/2024
Hadapsar,Kharadi,25.5,16.41,Medium,Midday,Saturday,61,2/29/2024
Baner,Wakad,49.99,12.58,Medium,Early Morning,Saturday,70,1/17/2024
Baner,Hinjewadi,18.81,41.63,Low,Midday,Monday,35,12/30/2023
Kharadi,Baner,41.76,89.18,High,Evening,Saturday,66,1/1/2024
Baner,Hinjewadi,28.95,66.5,High,Midday,Friday,79,5/22/2024
Kharadi,Wakad,7.18,24.18,Low,Evening,Monday,18,6/6/2024
Wakad,Hinjewadi,49.94,7.09,Low,Evening,Friday,92,7/6/2024
Shivajinagar,Shivajinagar,49.6,76.08,Medium,Early Morning,Friday,90,6/21/2024
Wakad,Wakad,6.8,63.42,Medium,Evening,Wednesday,13,12/21/2023
Viman Nagar,Hadapsar,37.81,31.72,Low,Evening,Wednesday,28,4/29/2024
Shivajinagar,Viman Nagar,24.4,76.58,High,Morning,Sunday,36,1/10/2024
Baner,Hinjewadi,17.52,118.62,Medium,Midday,Friday,69,3/11/2024
Shivajinagar,Kharadi,25.16,16.49,Low,Early Morning,Tuesday,17,2/2/2024
Wakad,Kharadi,38.02,96.76,Medium,Early Morning,Saturday,7,7/7/2024
Hadapsar,Hadapsar,32.8,65.97,Medium,Morning,Sunday,45,1/9/2024
Hinjewadi,Hinjewadi,3.18,61.72,Low,Midday,Sunday,90,9/25/2024
Kharadi,Hadapsar,21.05,104.11,Medium,Morning,Sunday,64,12/24/2023
Hinjewadi,Kothrud,31.28,47.29,High,Midday,Tuesday,87,3/5/2024
Viman Nagar,Wakad,16.96,24.87,Medium,Early Morning,Monday,60,2/21/2024
Shivajinagar,Viman Nagar,2.76,115.92,High,Morning,Friday,75,6/13/2024
Kothrud,Kothrud,4.18,81.82,Low,Evening,Saturday,73,7/6/2024
Baner,Wakad,1.23,46.73,High,Evening,Thursday,18,6/10/2024
Kothrud,Shivajinagar,10.33,21.02,Medium,Evening,Saturday,10,2/16/2024
Kothrud,Hinjewadi,20.06,86.57,Low,Morning,Tuesday,13,6/16/2024
Hinjewadi,Wakad,7.74,41.9,High,Early Morning,Sunday,56,11/16/2023
Kharadi,Kothrud,22.01,114.58,Medium,Midday,Wednesday,94,7/23/2024
Shivajinagar,Hadapsar,13.83,46.97,Low,Evening,Saturday,59,5/31/2024
Kharadi,Kharadi,34.52,119.92,High,Midday,Thursday,13,7/10/2024
Wakad,Shivajinagar,49.3,105.26,High,Evening,Wednesday,26,9/24/2024
Hinjewadi,Hinjewadi,46.78,56.95,Low,Midday,Wednesday,54,1/16/2024
Kharadi,Kharadi,1.2,71.54,Medium,Midday,Saturday,55,6/22/2024
Baner,Baner,5.65,51.54,High,Evening,Saturday,53,2/16/2024
Baner,Shivajinagar,33.35,83.68,Medium,Early Morning,Wednesday,18,5/15/2024
Hinjewadi,Shivajinagar,23.62,85.54,Medium,Morning,Monday,48,3/17/2024
Viman Nagar,Viman Nagar,49.48,17.68,Medium,Morning,Wednesday,72,5/9/2024
Hadapsar,Hadapsar,16.95,102.86,High,Midday,Thursday,74,11/6/2023
Kharadi,Kharadi,37.26,13.71,Low,Morning,Tuesday,50,9/26/2024
Kothrud,Baner,24.84,104.21,High,Evening,Tuesday,88,10/15/2024
Viman Nagar,Hinjewadi,45.85,52.5,Low,Midday,Wednesday,49,12/2/2023
Hadapsar,Kothrud,9.56,101.2,Medium,Evening,Wednesday,24,2/2/2024
Kharadi,Baner,32.63,112.69,Low,Evening,Wednesday,80,1/20/2024
Baner,Kothrud,27.87,15.97,Medium,Morning,Tuesday,18,6/6/2024
Hadapsar,Wakad,12.36,5.49,Medium,Midday,Monday,62,12/2/2023
Hinjewadi,Wakad,18.85,107.5,Medium,Evening,Monday,78,9/26/2024
Baner,Kharadi,38.12,45.36,Low,Evening,Sunday,18,4/21/2024
Kothrud,Shivajinagar,21.11,5.25,Low,Early Morning,Monday,81,9/21/2024
Viman Nagar,Hadapsar,5.01,11.04,Medium,Midday,Monday,80,8/23/2024
Shivajinagar,Baner,19.96,22.17,High,Midday,Sunday,61,9/19/2024
Kothrud,Hinjewadi,39.71,80.64,Medium,Early Morning,Thursday,55,10/16/2024
Kharadi,Wakad,9.49,46.4,Medium,Morning,Tuesday,96,11/3/2023
